Task_Number,Device_ID,Workload_Type,Source_Node,Destination_Node,Destination_Layer,Offloading_Path,Processing_Time_ms,Communication_ms,Queue_Wait_ms,Total_Latency_ms,Deadline_ms,Deadline_Met
1,D14,Data Analytics,IoT14,Fog1,Fog,IoT -> Fog,37.8,67.0,0.0,104.8,500.0,Yes
2,D5,Data Analytics,IoT5,Fog2,Fog,IoT -> Fog,43.2,41.0,0.0,84.2,500.0,Yes
3,D7,Image Processing,IoT7,Fog3,Fog,IoT -> Fog,37.0,41.0,0.0,78.0,300.0,Yes
4,D18,Data Analytics,IoT18,Edge1,Edge,IoT -> Edge,28.8,29.0,0.0,57.8,500.0,Yes
5,D1,Image Processing,IoT1,Fog1,Fog,IoT -> Fog,56.4,76.0,7.05,139.45,300.0,Yes
6,D8,Video Processing,IoT8,Fog2,Fog,IoT -> Fog,47.8,77.0,5.97,130.77,120.0,No
7,D8,Network Traffic,IoT8,Fog3,Fog,IoT -> Fog,57.6,82.0,7.2,146.8,150.0,Yes
8,D7,Image Processing,IoT7,Fog1,Fog,IoT -> Fog,57.6,76.0,14.4,148.0,300.0,Yes
9,D11,Video Processing,IoT11,Edge2,Edge,IoT -> Edge,56.4,32.0,0.0,88.4,120.0,Yes
10,D15,Data Analytics,IoT15,Edge3,Edge,IoT -> Edge,64.4,35.0,0.0,99.4,500.0,Yes
11,D13,Data Analytics,IoT13,Fog2,Fog,IoT -> Fog,57.2,61.0,14.3,132.5,500.0,Yes
12,D8,Data Analytics,IoT8,Fog3,Fog,IoT -> Fog,43.0,56.0,10.75,109.75,500.0,Yes
13,D16,Image Processing,IoT16,Edge4,Edge,IoT -> Edge,41.6,26.0,0.0,67.6,300.0,Yes
14,D14,Data Analytics,IoT14,Edge5,Edge,IoT -> Edge,36.8,33.0,0.0,69.8,500.0,Yes
15,D6,Data Analytics,IoT6,Cloud1,Cloud,IoT -> Cloud,28.1,96.0,0.0,124.1,500.0,Yes
16,D8,Image Processing,IoT8,Cloud1,Cloud,IoT -> Cloud,27.0,82.0,0.9,109.9,300.0,Yes
17,D3,Image Processing,IoT3,Fog1,Fog,IoT -> Fog,53.0,83.0,19.87,155.87,300.0,Yes
18,D6,Data Analytics,IoT6,Fog2,Fog,IoT -> Fog,49.8,72.0,18.67,140.47,500.0,Yes
19,D8,Network Traffic,IoT8,Edge6,Edge,IoT -> Edge,47.6,49.0,0.0,96.6,150.0,Yes
20,D16,Data Analytics,IoT16,IoT16,IoT,IoT (local),96.0,0.0,0.0,96.0,500.0,Yes
21,D17,Data Analytics,IoT17,Fog1,Fog,IoT -> Fog,51.0,50.0,0.0,101.0,500.0,Yes
22,D12,Network Traffic,IoT12,Fog2,Fog,IoT -> Fog,46.8,76.0,0.0,122.8,150.0,Yes
23,D11,Image Processing,IoT11,Fog3,Fog,IoT -> Fog,24.0,74.0,0.0,98.0,300.0,Yes
24,D20,Video Processing,IoT20,Fog1,Fog,IoT -> Fog,43.2,46.0,5.4,94.6,120.0,Yes
25,D18,Image Processing,IoT18,Edge1,Edge,IoT -> Edge,42.4,52.0,0.0,94.4,300.0,Yes
26,D16,Image Processing,IoT16,IoT16,IoT,IoT (local),54.0,0.0,0.0,54.0,300.0,Yes
27,D17,Data Analytics,IoT17,IoT17,IoT,IoT (local),74.0,0.0,0.0,74.0,500.0,Yes
28,D17,Network Traffic,IoT17,Fog2,Fog,IoT -> Fog,42.8,78.0,5.35,126.15,150.0,Yes
29,D3,Data Analytics,IoT3,Edge2,Edge,IoT -> Edge,56.4,47.0,0.0,103.4,500.0,Yes
30,D6,Video Processing,IoT6,Fog3,Fog,IoT -> Fog,52.0,54.0,6.5,112.5,120.0,Yes
31,D2,Video Processing,IoT2,Fog1,Fog,IoT -> Fog,47.0,84.0,11.75,142.75,120.0,No
32,D15,Network Traffic,IoT15,Cloud1,Cloud,IoT -> Cloud,29.2,100.0,0.0,129.2,150.0,Yes
33,D7,Image Processing,IoT7,Edge3,Edge,IoT -> Edge,58.8,45.0,0.0,103.8,300.0,Yes
34,D15,Data Analytics,IoT15,Edge4,Edge,IoT -> Edge,75.2,21.0,0.0,96.2,500.0,Yes
35,D17,Data Analytics,IoT17,Edge5,Edge,IoT -> Edge,68.0,62.0,0.0,130.0,500.0,Yes
36,D1,Video Processing,IoT1,Edge6,Edge,IoT -> Edge,53.6,27.0,0.0,80.6,120.0,Yes
37,D5,Image Processing,IoT5,Fog2,Fog,IoT -> Fog,48.2,78.0,12.05,138.25,300.0,Yes
38,D11,Video Processing,IoT11,Edge7,Edge,IoT -> Edge,66.0,56.0,0.0,122.0,120.0,No
39,D14,Network Traffic,IoT14,Fog3,Fog,IoT -> Fog,45.8,67.0,11.45,124.25,150.0,Yes
40,D10,Image Processing,IoT10,Edge8,Edge,IoT -> Edge,56.4,23.0,0.0,79.4,300.0,Yes
41,D15,Image Processing,IoT15,Fog1,Fog,IoT -> Fog,56.8,64.0,0.0,120.8,300.0,Yes
42,D2,Video Processing,IoT2,Fog2,Fog,IoT -> Fog,45.8,49.0,0.0,94.8,120.0,Yes
43,D7,Data Analytics,IoT7,Edge1,Edge,IoT -> Edge,40.8,53.0,0.0,93.8,500.0,Yes
44,D16,Video Processing,IoT16,Fog3,Fog,IoT -> Fog,51.2,60.0,0.0,111.2,120.0,Yes
45,D10,Video Processing,IoT10,IoT10,IoT,IoT (local),51.0,0.0,0.0,51.0,120.0,Yes
46,D20,Network Traffic,IoT20,Fog1,Fog,IoT -> Fog,44.2,60.0,5.52,109.72,150.0,Yes
47,D19,Image Processing,IoT19,Fog2,Fog,IoT -> Fog,41.8,65.0,5.22,112.02,300.0,Yes
48,D11,Network Traffic,IoT11,Fog3,Fog,IoT -> Fog,50.6,55.0,6.32,111.92,150.0,Yes
49,D12,Data Analytics,IoT12,Edge2,Edge,IoT -> Edge,54.8,49.0,0.0,103.8,500.0,Yes
50,D10,Image Processing,IoT10,Fog1,Fog,IoT -> Fog,44.8,73.0,11.2,129.0,300.0,Yes
51,D12,Image Processing,IoT12,IoT12,IoT,IoT (local),87.0,0.0,0.0,87.0,300.0,Yes
52,D4,Network Traffic,IoT4,Edge3,Edge,IoT -> Edge,69.6,16.0,0.0,85.6,150.0,Yes
53,D11,Video Processing,IoT11,Edge4,Edge,IoT -> Edge,65.2,64.0,0.0,129.2,120.0,No
54,D16,Data Analytics,IoT16,Fog2,Fog,IoT -> Fog,40.2,49.0,10.05,99.25,500.0,Yes
55,D2,Data Analytics,IoT2,Edge5,Edge,IoT -> Edge,35.6,40.0,0.0,75.6,500.0,Yes
56,D1,Network Traffic,IoT1,Fog3,Fog,IoT -> Fog,58.8,58.0,14.7,131.5,150.0,Yes
57,D8,Network Traffic,IoT8,Edge6,Edge,IoT -> Edge,86.8,50.0,0.0,136.8,150.0,Yes
58,D5,Network Traffic,IoT5,Edge7,Edge,IoT -> Edge,82.4,57.0,0.0,139.4,150.0,Yes
59,D9,Image Processing,IoT9,Edge8,Edge,IoT -> Edge,34.0,29.0,0.0,63.0,300.0,Yes
60,D13,Video Processing,IoT13,Fog1,Fog,IoT -> Fog,43.8,70.0,16.42,130.22,120.0,No
61,D7,Data Analytics,IoT7,Fog1,Fog,IoT -> Fog,43.0,44.0,0.0,87.0,500.0,Yes
62,D2,Image Processing,IoT2,Fog2,Fog,IoT -> Fog,45.0,51.0,0.0,96.0,300.0,Yes
63,D5,Video Processing,IoT5,Fog3,Fog,IoT -> Fog,37.6,73.0,0.0,110.6,120.0,Yes
64,D9,Data Analytics,IoT9,Edge1,Edge,IoT -> Edge,42.8,50.0,0.0,92.8,500.0,Yes
65,D9,Network Traffic,IoT9,Fog1,Fog,IoT -> Fog,31.6,50.0,3.95,85.55,150.0,Yes
66,D4,Network Traffic,IoT4,Fog2,Fog,IoT -> Fog,51.0,77.0,6.37,134.37,150.0,Yes
67,D10,Video Processing,IoT10,IoT10,IoT,IoT (local),81.0,0.0,0.0,81.0,120.0,Yes
68,D13,Network Traffic,IoT13,Fog3,Fog,IoT -> Fog,55.6,48.0,6.95,110.55,150.0,Yes
69,D9,Network Traffic,IoT9,Edge2,Edge,IoT -> Edge,44.8,53.0,0.0,97.8,150.0,Yes
70,D6,Network Traffic,IoT6,Edge3,Edge,IoT -> Edge,61.2,40.0,0.0,101.2,150.0,Yes
71,D13,Data Analytics,IoT13,Fog1,Fog,IoT -> Fog,50.2,46.0,12.55,108.75,500.0,Yes
72,D17,Network Traffic,IoT17,Edge4,Edge,IoT -> Edge,47.2,39.0,0.0,86.2,150.0,Yes
73,D16,Image Processing,IoT16,Edge5,Edge,IoT -> Edge,66.4,25.0,0.0,91.4,300.0,Yes
74,D14,Data Analytics,IoT14,Fog2,Fog,IoT -> Fog,57.6,47.0,14.4,119.0,500.0,Yes
75,D7,Image Processing,IoT7,Fog3,Fog,IoT -> Fog,36.8,41.0,9.2,87.0,300.0,Yes
76,D18,Image Processing,IoT18,Edge6,Edge,IoT -> Edge,21.6,15.0,0.0,36.6,300.0,Yes
77,D14,Video Processing,IoT14,Edge7,Edge,IoT -> Edge,95.2,48.0,0.0,143.2,120.0,No
78,D7,Image Processing,IoT7,Cloud1,Cloud,IoT -> Cloud,25.3,97.0,0.0,122.3,300.0,Yes
79,D18,Video Processing,IoT18,Edge8,Edge,IoT -> Edge,72.0,30.0,0.0,102.0,120.0,Yes
80,D1,Image Processing,IoT1,IoT1,IoT,IoT (local),59.0,0.0,0.0,59.0,300.0,Yes
81,D3,Image Processing,IoT3,Fog1,Fog,IoT -> Fog,50.0,45.0,0.0,95.0,300.0,Yes
82,D3,Network Traffic,IoT3,Fog2,Fog,IoT -> Fog,29.0,83.0,0.0,112.0,150.0,Yes
83,D20,Video Processing,IoT20,Fog3,Fog,IoT -> Fog,48.8,68.0,0.0,116.8,120.0,Yes
84,D17,Image Processing,IoT17,Edge1,Edge,IoT -> Edge,24.4,20.0,0.0,44.4,300.0,Yes
85,D5,Video Processing,IoT5,Fog1,Fog,IoT -> Fog,57.2,75.0,7.15,139.35,120.0,No
86,D13,Video Processing,IoT13,Fog2,Fog,IoT -> Fog,49.2,42.0,6.15,97.35,120.0,Yes
87,D12,Video Processing,IoT12,Fog3,Fog,IoT -> Fog,50.2,70.0,6.27,126.47,120.0,No
88,D17,Data Analytics,IoT17,Fog1,Fog,IoT -> Fog,47.8,54.0,11.95,113.75,500.0,Yes
89,D9,Video Processing,IoT9,Fog2,Fog,IoT -> Fog,55.0,43.0,13.75,111.75,120.0,Yes
90,D1,Data Analytics,IoT1,Edge2,Edge,IoT -> Edge,73.2,24.0,0.0,97.2,500.0,Yes
91,D6,Network Traffic,IoT6,Fog3,Fog,IoT -> Fog,53.0,45.0,13.25,111.25,150.0,Yes
92,D10,Image Processing,IoT10,Cloud1,Cloud,IoT -> Cloud,24.7,94.0,0.0,118.7,300.0,Yes
93,D8,Network Traffic,IoT8,Edge3,Edge,IoT -> Edge,95.6,41.0,0.0,136.6,150.0,Yes
94,D2,Network Traffic,IoT2,Edge4,Edge,IoT -> Edge,78.0,37.0,0.0,115.0,150.0,Yes
95,D3,Data Analytics,IoT3,Edge5,Edge,IoT -> Edge,93.6,63.0,0.0,156.6,500.0,Yes
96,D18,Network Traffic,IoT18,Edge6,Edge,IoT -> Edge,83.6,35.0,0.0,118.6,150.0,Yes
97,D7,Network Traffic,IoT7,Fog1,Fog,IoT -> Fog,49.6,70.0,18.6,138.2,150.0,Yes
98,D17,Data Analytics,IoT17,Edge7,Edge,IoT -> Edge,31.2,22.0,0.0,53.2,500.0,Yes
99,D12,Data Analytics,IoT12,IoT12,IoT,IoT (local),64.0,0.0,0.0,64.0,500.0,Yes
100,D3,Video Processing,IoT3,Edge8,Edge,IoT -> Edge,63.2,55.0,0.0,118.2,120.0,Yes
101,D19,Network Traffic,IoT19,Fog1,Fog,IoT -> Fog,33.0,67.0,0.0,100.0,150.0,Yes
102,D17,Network Traffic,IoT17,Fog2,Fog,IoT -> Fog,32.0,79.0,0.0,111.0,150.0,Yes
103,D20,Video Processing,IoT20,Fog3,Fog,IoT -> Fog,44.6,72.0,0.0,116.6,120.0,Yes
104,D16,Video Processing,IoT16,Fog1,Fog,IoT -> Fog,34.8,78.0,4.35,117.15,120.0,Yes
105,D20,Data Analytics,IoT20,Fog2,Fog,IoT -> Fog,35.0,68.0,4.37,107.37,500.0,Yes
106,D11,Video Processing,IoT11,Fog3,Fog,IoT -> Fog,32.0,49.0,4.0,85.0,120.0,Yes
107,D14,Network Traffic,IoT14,Edge1,Edge,IoT -> Edge,55.6,30.0,0.0,85.6,150.0,Yes
108,D20,Video Processing,IoT20,Fog1,Fog,IoT -> Fog,38.0,78.0,9.5,125.5,120.0,No
109,D17,Video Processing,IoT17,Edge2,Edge,IoT -> Edge,37.2,38.0,0.0,75.2,120.0,Yes
110,D11,Video Processing,IoT11,Fog2,Fog,IoT -> Fog,59.8,62.0,14.95,136.75,120.0,No
111,D19,Video Processing,IoT19,Fog3,Fog,IoT -> Fog,51.8,77.0,12.95,141.75,120.0,No
112,D16,Image Processing,IoT16,Edge3,Edge,IoT -> Edge,69.2,26.0,0.0,95.2,300.0,Yes
113,D8,Data Analytics,IoT8,Edge4,Edge,IoT -> Edge,49.2,27.0,0.0,76.2,500.0,Yes
114,D7,Data Analytics,IoT7,Edge5,Edge,IoT -> Edge,34.8,41.0,0.0,75.8,500.0,Yes
115,D8,Network Traffic,IoT8,Edge6,Edge,IoT -> Edge,38.8,20.0,0.0,58.8,150.0,Yes
116,D15,Data Analytics,IoT15,Edge7,Edge,IoT -> Edge,36.4,33.0,0.0,69.4,500.0,Yes
117,D19,Network Traffic,IoT19,Edge8,Edge,IoT -> Edge,73.2,30.0,0.0,103.2,150.0,Yes
118,D15,Video Processing,IoT15,Edge1,Edge,IoT -> Edge,36.8,22.0,12.26,71.06,120.0,Yes
119,D14,Image Processing,IoT14,IoT14,IoT,IoT (local),88.0,0.0,0.0,88.0,300.0,Yes
120,D12,Network Traffic,IoT12,Fog1,Fog,IoT -> Fog,42.8,47.0,16.05,105.85,150.0,Yes
121,D7,Data Analytics,IoT7,Fog1,Fog,IoT -> Fog,57.6,60.0,0.0,117.6,500.0,Yes
122,D11,Image Processing,IoT11,Fog2,Fog,IoT -> Fog,31.0,79.0,0.0,110.0,300.0,Yes
123,D11,Video Processing,IoT11,IoT11,IoT,IoT (local),67.0,0.0,0.0,67.0,120.0,Yes
124,D17,Video Processing,IoT17,Fog3,Fog,IoT -> Fog,36.6,68.0,0.0,104.6,120.0,Yes
125,D2,Network Traffic,IoT2,Edge1,Edge,IoT -> Edge,30.8,40.0,0.0,70.8,150.0,Yes
126,D13,Image Processing,IoT13,Edge2,Edge,IoT -> Edge,22.4,32.0,0.0,54.4,300.0,Yes
127,D14,Data Analytics,IoT14,Edge3,Edge,IoT -> Edge,49.6,49.0,0.0,98.6,500.0,Yes
128,D19,Video Processing,IoT19,IoT19,IoT,IoT (local),61.0,0.0,0.0,61.0,120.0,Yes
129,D8,Video Processing,IoT8,Fog1,Fog,IoT -> Fog,31.6,79.0,3.95,114.55,120.0,Yes
130,D20,Image Processing,IoT20,Fog2,Fog,IoT -> Fog,43.8,70.0,5.47,119.27,300.0,Yes
131,D4,Data Analytics,IoT4,Fog3,Fog,IoT -> Fog,39.6,60.0,4.95,104.55,500.0,Yes
132,D10,Network Traffic,IoT10,Fog1,Fog,IoT -> Fog,44.8,46.0,11.2,102.0,150.0,Yes
133,D18,Data Analytics,IoT18,Edge4,Edge,IoT -> Edge,58.8,62.0,0.0,120.8,500.0,Yes
134,D3,Data Analytics,IoT3,Edge5,Edge,IoT -> Edge,52.4,51.0,0.0,103.4,500.0,Yes
135,D5,Image Processing,IoT5,Fog2,Fog,IoT -> Fog,39.4,70.0,9.85,119.25,300.0,Yes
136,D15,Data Analytics,IoT15,Fog3,Fog,IoT -> Fog,45.4,49.0,11.35,105.75,500.0,Yes
137,D14,Image Processing,IoT14,Edge6,Edge,IoT -> Edge,67.2,41.0,0.0,108.2,300.0,Yes
138,D19,Image Processing,IoT19,Edge7,Edge,IoT -> Edge,98.0,22.0,0.0,120.0,300.0,Yes
139,D12,Image Processing,IoT12,Edge8,Edge,IoT -> Edge,52.0,26.0,0.0,78.0,300.0,Yes
140,D20,Image Processing,IoT20,Cloud1,Cloud,IoT -> Cloud,25.7,113.0,0.0,138.7,300.0,Yes
141,D12,Image Processing,IoT12,Fog1,Fog,IoT -> Fog,37.4,65.0,0.0,102.4,300.0,Yes
142,D6,Video Processing,IoT6,Fog2,Fog,IoT -> Fog,28.2,54.0,0.0,82.2,120.0,Yes
143,D7,Network Traffic,IoT7,Edge1,Edge,IoT -> Edge,40.8,22.0,0.0,62.8,150.0,Yes
144,D16,Video Processing,IoT16,Fog3,Fog,IoT -> Fog,37.0,77.0,0.0,114.0,120.0,Yes
145,D6,Network Traffic,IoT6,Fog1,Fog,IoT -> Fog,58.0,59.0,7.25,124.25,150.0,Yes
146,D11,Video Processing,IoT11,Edge2,Edge,IoT -> Edge,45.6,41.0,0.0,86.6,120.0,Yes
147,D6,Data Analytics,IoT6,Fog2,Fog,IoT -> Fog,39.0,58.0,4.87,101.87,500.0,Yes
148,D6,Data Analytics,IoT6,Fog3,Fog,IoT -> Fog,35.0,51.0,4.37,90.37,500.0,Yes
149,D12,Video Processing,IoT12,Edge3,Edge,IoT -> Edge,25.2,34.0,0.0,59.2,120.0,Yes
150,D7,Network Traffic,IoT7,Fog1,Fog,IoT -> Fog,52.2,62.0,13.05,127.25,150.0,Yes
151,D4,Data Analytics,IoT4,Edge4,Edge,IoT -> Edge,47.2,60.0,0.0,107.2,500.0,Yes
152,D16,Network Traffic,IoT16,Edge5,Edge,IoT -> Edge,58.8,21.0,0.0,79.8,150.0,Yes
153,D5,Data Analytics,IoT5,Edge6,Edge,IoT -> Edge,40.0,20.0,0.0,60.0,500.0,Yes
154,D4,Video Processing,IoT4,Edge7,Edge,IoT -> Edge,38.8,41.0,0.0,79.8,120.0,Yes
155,D7,Network Traffic,IoT7,Cloud1,Cloud,IoT -> Cloud,29.9,114.0,0.0,143.9,150.0,Yes
156,D18,Video Processing,IoT18,Edge8,Edge,IoT -> Edge,52.4,42.0,0.0,94.4,120.0,Yes
157,D9,Network Traffic,IoT9,Fog2,Fog,IoT -> Fog,39.0,52.0,9.75,100.75,150.0,Yes
158,D1,Video Processing,IoT1,Fog3,Fog,IoT -> Fog,52.4,39.0,13.1,104.5,120.0,Yes
159,D20,Image Processing,IoT20,Fog1,Fog,IoT -> Fog,48.0,86.0,18.0,152.0,300.0,Yes
160,D1,Network Traffic,IoT1,IoT1,IoT,IoT (local),116.0,0.0,0.0,116.0,150.0,Yes
161,D10,Data Analytics,IoT10,Fog1,Fog,IoT -> Fog,37.2,68.0,0.0,105.2,500.0,Yes
162,D12,Data Analytics,IoT12,Fog2,Fog,IoT -> Fog,25.0,85.0,0.0,110.0,500.0,Yes
163,D8,Data Analytics,IoT8,Fog3,Fog,IoT -> Fog,52.6,51.0,0.0,103.6,500.0,Yes
164,D6,Video Processing,IoT6,Edge1,Edge,IoT -> Edge,54.8,60.0,0.0,114.8,120.0,Yes
165,D4,Video Processing,IoT4,Edge2,Edge,IoT -> Edge,39.2,44.0,0.0,83.2,120.0,Yes
166,D15,Data Analytics,IoT15,Edge3,Edge,IoT -> Edge,52.0,44.0,0.0,96.0,500.0,Yes
167,D8,Image Processing,IoT8,Fog1,Fog,IoT -> Fog,59.6,75.0,7.45,142.05,300.0,Yes
168,D7,Data Analytics,IoT7,Fog2,Fog,IoT -> Fog,40.0,42.0,5.0,87.0,500.0,Yes
169,D11,Image Processing,IoT11,Fog3,Fog,IoT -> Fog,49.8,73.0,6.22,129.02,300.0,Yes
170,D6,Image Processing,IoT6,Edge4,Edge,IoT -> Edge,20.8,28.0,0.0,48.8,300.0,Yes
171,D3,Video Processing,IoT3,Edge5,Edge,IoT -> Edge,74.0,37.0,0.0,111.0,120.0,Yes
172,D1,Image Processing,IoT1,Fog1,Fog,IoT -> Fog,45.0,75.0,11.25,131.25,300.0,Yes
173,D18,Network Traffic,IoT18,Edge6,Edge,IoT -> Edge,56.0,43.0,0.0,99.0,150.0,Yes
174,D9,Video Processing,IoT9,Fog2,Fog,IoT -> Fog,46.6,57.0,11.65,115.25,120.0,Yes
175,D10,Network Traffic,IoT10,Fog3,Fog,IoT -> Fog,53.6,58.0,13.4,125.0,150.0,Yes
176,D10,Network Traffic,IoT10,Edge7,Edge,IoT -> Edge,85.2,55.0,0.0,140.2,150.0,Yes
177,D8,Image Processing,IoT8,Edge8,Edge,IoT -> Edge,77.2,41.0,0.0,118.2,300.0,Yes
178,D3,Image Processing,IoT3,Fog1,Fog,IoT -> Fog,40.8,39.0,15.3,95.1,300.0,Yes
179,D6,Image Processing,IoT6,Edge1,Edge,IoT -> Edge,40.8,45.0,13.6,99.4,300.0,Yes
180,D12,Network Traffic,IoT12,IoT12,IoT,IoT (local),75.0,0.0,0.0,75.0,150.0,Yes
181,D18,Image Processing,IoT18,Edge1,Edge,IoT -> Edge,42.4,16.0,0.0,58.4,300.0,Yes
182,D3,Data Analytics,IoT3,Fog1,Fog,IoT -> Fog,53.6,58.0,0.0,111.6,500.0,Yes
183,D15,Video Processing,IoT15,Edge2,Edge,IoT -> Edge,21.2,27.0,0.0,48.2,120.0,Yes
184,D10,Video Processing,IoT10,Fog2,Fog,IoT -> Fog,55.0,60.0,0.0,115.0,120.0,Yes
185,D13,Data Analytics,IoT13,Fog3,Fog,IoT -> Fog,39.2,83.0,0.0,122.2,500.0,Yes
186,D15,Network Traffic,IoT15,Fog1,Fog,IoT -> Fog,32.6,68.0,4.07,104.67,150.0,Yes
187,D11,Video Processing,IoT11,IoT11,IoT,IoT (local),81.0,0.0,0.0,81.0,120.0,Yes
188,D12,Network Traffic,IoT12,Fog2,Fog,IoT -> Fog,40.4,65.0,5.05,110.45,150.0,Yes
189,D13,Image Processing,IoT13,Fog3,Fog,IoT -> Fog,54.2,69.0,6.77,129.97,300.0,Yes
190,D14,Image Processing,IoT14,IoT14,IoT,IoT (local),59.0,0.0,0.0,59.0,300.0,Yes
191,D1,Image Processing,IoT1,Fog1,Fog,IoT -> Fog,42.0,75.0,10.5,127.5,300.0,Yes
192,D3,Data Analytics,IoT3,Fog2,Fog,IoT -> Fog,51.2,54.0,12.8,118.0,500.0,Yes
193,D5,Data Analytics,IoT5,Edge3,Edge,IoT -> Edge,42.4,48.0,0.0,90.4,500.0,Yes
194,D4,Image Processing,IoT4,Fog3,Fog,IoT -> Fog,51.8,62.0,12.95,126.75,300.0,Yes
195,D15,Video Processing,IoT15,Edge4,Edge,IoT -> Edge,82.4,28.0,0.0,110.4,120.0,Yes
196,D12,Data Analytics,IoT12,Edge5,Edge,IoT -> Edge,36.0,45.0,0.0,81.0,500.0,Yes
197,D12,Video Processing,IoT12,Edge6,Edge,IoT -> Edge,90.0,33.0,0.0,123.0,120.0,No
198,D20,Network Traffic,IoT20,Edge7,Edge,IoT -> Edge,70.4,24.0,0.0,94.4,150.0,Yes
199,D1,Network Traffic,IoT1,IoT1,IoT,IoT (local),83.0,0.0,0.0,83.0,150.0,Yes
200,D6,Image Processing,IoT6,Edge8,Edge,IoT -> Edge,91.6,32.0,0.0,123.6,300.0,Yes
201,D16,Video Processing,IoT16,Edge1,Edge,IoT -> Edge,41.2,38.0,0.0,79.2,120.0,Yes
202,D2,Video Processing,IoT2,Fog1,Fog,IoT -> Fog,33.0,43.0,0.0,76.0,120.0,Yes
203,D19,Image Processing,IoT19,Fog2,Fog,IoT -> Fog,46.6,36.0,0.0,82.6,300.0,Yes
204,D16,Video Processing,IoT16,IoT16,IoT,IoT (local),72.0,0.0,0.0,72.0,120.0,Yes
205,D12,Image Processing,IoT12,Fog3,Fog,IoT -> Fog,27.6,53.0,0.0,80.6,300.0,Yes
206,D7,Data Analytics,IoT7,Fog1,Fog,IoT -> Fog,52.6,70.0,6.57,129.17,500.0,Yes
207,D4,Data Analytics,IoT4,Fog2,Fog,IoT -> Fog,36.8,74.0,4.6,115.4,500.0,Yes
208,D18,Data Analytics,IoT18,Edge2,Edge,IoT -> Edge,56.4,23.0,0.0,79.4,500.0,Yes
209,D7,Network Traffic,IoT7,Edge3,Edge,IoT -> Edge,29.2,19.0,0.0,48.2,150.0,Yes
210,D17,Data Analytics,IoT17,Fog3,Fog,IoT -> Fog,49.8,56.0,6.22,112.02,500.0,Yes
211,D10,Video Processing,IoT10,IoT10,IoT,IoT (local),82.0,0.0,0.0,82.0,120.0,Yes
212,D17,Image Processing,IoT17,Edge4,Edge,IoT -> Edge,45.2,44.0,0.0,89.2,300.0,Yes
213,D19,Video Processing,IoT19,Fog1,Fog,IoT -> Fog,43.0,46.0,10.75,99.75,120.0,Yes
214,D7,Video Processing,IoT7,Fog2,Fog,IoT -> Fog,52.6,82.0,13.15,147.75,120.0,No
215,D19,Network Traffic,IoT19,Fog3,Fog,IoT -> Fog,56.2,55.0,14.05,125.25,150.0,Yes
216,D8,Network Traffic,IoT8,Edge5,Edge,IoT -> Edge,66.8,48.0,0.0,114.8,150.0,Yes
217,D16,Video Processing,IoT16,Edge6,Edge,IoT -> Edge,88.0,42.0,0.0,130.0,120.0,No
218,D15,Image Processing,IoT15,Edge7,Edge,IoT -> Edge,56.4,55.0,0.0,111.4,300.0,Yes
219,D9,Data Analytics,IoT9,Cloud1,Cloud,IoT -> Cloud,24.8,110.0,0.0,134.8,500.0,Yes
220,D3,Image Processing,IoT3,Cloud1,Cloud,IoT -> Cloud,29.5,122.0,0.98,152.48,300.0,Yes
221,D5,Image Processing,IoT5,Fog1,Fog,IoT -> Fog,37.6,54.0,0.0,91.6,300.0,Yes
222,D9,Data Analytics,IoT9,Fog2,Fog,IoT -> Fog,35.2,56.0,0.0,91.2,500.0,Yes
223,D19,Network Traffic,IoT19,Fog3,Fog,IoT -> Fog,24.8,49.0,0.0,73.8,150.0,Yes
224,D5,Video Processing,IoT5,Fog1,Fog,IoT -> Fog,43.0,51.0,5.37,99.37,120.0,Yes
225,D9,Data Analytics,IoT9,Edge1,Edge,IoT -> Edge,54.4,45.0,0.0,99.4,500.0,Yes
226,D2,Data Analytics,IoT2,Fog2,Fog,IoT -> Fog,53.8,70.0,6.72,130.52,500.0,Yes
227,D13,Image Processing,IoT13,Fog3,Fog,IoT -> Fog,40.4,81.0,5.05,126.45,300.0,Yes
228,D4,Video Processing,IoT4,Fog1,Fog,IoT -> Fog,53.8,53.0,13.45,120.25,120.0,No
229,D18,Network Traffic,IoT18,Edge2,Edge,IoT -> Edge,32.8,23.0,0.0,55.8,150.0,Yes
230,D14,Network Traffic,IoT14,Edge3,Edge,IoT -> Edge,70.4,26.0,0.0,96.4,150.0,Yes
231,D10,Video Processing,IoT10,Edge4,Edge,IoT -> Edge,33.2,41.0,0.0,74.2,120.0,Yes
232,D17,Data Analytics,IoT17,Fog2,Fog,IoT -> Fog,55.8,70.0,13.95,139.75,500.0,Yes
233,D20,Video Processing,IoT20,Fog3,Fog,IoT -> Fog,39.8,69.0,9.95,118.75,120.0,Yes
234,D12,Video Processing,IoT12,Edge5,Edge,IoT -> Edge,97.2,47.0,0.0,144.2,120.0,No
235,D4,Network Traffic,IoT4,Edge6,Edge,IoT -> Edge,42.4,58.0,0.0,100.4,150.0,Yes
236,D9,Image Processing,IoT9,Cloud1,Cloud,IoT -> Cloud,24.7,98.0,0.0,122.7,300.0,Yes
237,D8,Video Processing,IoT8,Edge7,Edge,IoT -> Edge,91.2,35.0,0.0,126.2,120.0,No
238,D7,Data Analytics,IoT7,Edge8,Edge,IoT -> Edge,90.8,28.0,0.0,118.8,500.0,Yes
239,D3,Image Processing,IoT3,Fog1,Fog,IoT -> Fog,38.6,64.0,14.47,117.07,300.0,Yes
240,D16,Data Analytics,IoT16,Cloud1,Cloud,IoT -> Cloud,26.3,95.0,0.88,122.18,500.0,Yes
241,D5,Video Processing,IoT5,Edge1,Edge,IoT -> Edge,43.2,26.0,0.0,69.2,120.0,Yes
242,D2,Data Analytics,IoT2,Fog1,Fog,IoT -> Fog,48.0,74.0,0.0,122.0,500.0,Yes
243,D4,Network Traffic,IoT4,Fog2,Fog,IoT -> Fog,36.2,81.0,0.0,117.2,150.0,Yes
244,D4,Data Analytics,IoT4,Fog3,Fog,IoT -> Fog,57.2,67.0,0.0,124.2,500.0,Yes
245,D5,Video Processing,IoT5,Fog1,Fog,IoT -> Fog,43.6,65.0,5.45,114.05,120.0,Yes
246,D4,Network Traffic,IoT4,Fog2,Fog,IoT -> Fog,51.4,67.0,6.42,124.82,150.0,Yes
247,D14,Video Processing,IoT14,Edge2,Edge,IoT -> Edge,44.8,22.0,0.0,66.8,120.0,Yes
248,D18,Network Traffic,IoT18,Fog3,Fog,IoT -> Fog,57.0,49.0,7.12,113.12,150.0,Yes
249,D20,Video Processing,IoT20,Fog1,Fog,IoT -> Fog,50.4,64.0,12.6,127.0,120.0,No
250,D12,Video Processing,IoT12,Edge3,Edge,IoT -> Edge,44.8,32.0,0.0,76.8,120.0,Yes
251,D11,Image Processing,IoT11,Edge4,Edge,IoT -> Edge,54.0,56.0,0.0,110.0,300.0,Yes
252,D12,Data Analytics,IoT12,Edge5,Edge,IoT -> Edge,33.2,20.0,0.0,53.2,500.0,Yes
253,D9,Network Traffic,IoT9,Fog2,Fog,IoT -> Fog,38.4,61.0,9.6,109.0,150.0,Yes
254,D14,Network Traffic,IoT14,Fog3,Fog,IoT -> Fog,39.0,58.0,9.75,106.75,150.0,Yes
255,D20,Network Traffic,IoT20,Edge6,Edge,IoT -> Edge,45.6,19.0,0.0,64.6,150.0,Yes
256,D6,Video Processing,IoT6,Edge7,Edge,IoT -> Edge,71.2,35.0,0.0,106.2,120.0,Yes
257,D20,Image Processing,IoT20,Cloud1,Cloud,IoT -> Cloud,24.1,103.0,0.0,127.1,300.0,Yes
258,D16,Network Traffic,IoT16,Edge8,Edge,IoT -> Edge,87.2,16.0,0.0,103.2,150.0,Yes
259,D15,Video Processing,IoT15,IoT15,IoT,IoT (local),60.0,0.0,0.0,60.0,120.0,Yes
260,D20,Image Processing,IoT20,Fog1,Fog,IoT -> Fog,49.0,54.0,18.37,121.37,300.0,Yes
261,D10,Network Traffic,IoT10,Fog1,Fog,IoT -> Fog,41.8,45.0,0.0,86.8,150.0,Yes
262,D1,Image Processing,IoT1,Fog2,Fog,IoT -> Fog,42.4,49.0,0.0,91.4,300.0,Yes
263,D15,Image Processing,IoT15,Fog3,Fog,IoT -> Fog,58.4,67.0,0.0,125.4,300.0,Yes
264,D16,Image Processing,IoT16,Fog1,Fog,IoT -> Fog,42.4,75.0,5.3,122.7,300.0,Yes
265,D14,Network Traffic,IoT14,Edge1,Edge,IoT -> Edge,49.6,41.0,0.0,90.6,150.0,Yes
266,D1,Image Processing,IoT1,Edge2,Edge,IoT -> Edge,39.2,56.0,0.0,95.2,300.0,Yes
267,D19,Data Analytics,IoT19,Fog2,Fog,IoT -> Fog,40.0,46.0,5.0,91.0,500.0,Yes
268,D6,Data Analytics,IoT6,IoT6,IoT,IoT (local),68.0,0.0,0.0,68.0,500.0,Yes
269,D18,Video Processing,IoT18,Fog3,Fog,IoT -> Fog,59.6,64.0,7.45,131.05,120.0,No
270,D1,Image Processing,IoT1,Edge3,Edge,IoT -> Edge,48.4,21.0,0.0,69.4,300.0,Yes
271,D20,Video Processing,IoT20,Fog1,Fog,IoT -> Fog,38.2,55.0,9.55,102.75,120.0,Yes
272,D16,Data Analytics,IoT16,Fog2,Fog,IoT -> Fog,40.0,41.0,10.0,91.0,500.0,Yes
273,D15,Image Processing,IoT15,Fog3,Fog,IoT -> Fog,36.8,68.0,9.2,114.0,300.0,Yes
274,D2,Image Processing,IoT2,Edge4,Edge,IoT -> Edge,39.2,27.0,0.0,66.2,300.0,Yes
275,D11,Video Processing,IoT11,Edge5,Edge,IoT -> Edge,87.6,55.0,0.0,142.6,120.0,No
276,D11,Data Analytics,IoT11,Edge6,Edge,IoT -> Edge,37.2,43.0,0.0,80.2,500.0,Yes
277,D4,Network Traffic,IoT4,Edge7,Edge,IoT -> Edge,36.8,38.0,0.0,74.8,150.0,Yes
278,D13,Image Processing,IoT13,Edge8,Edge,IoT -> Edge,50.8,25.0,0.0,75.8,300.0,Yes
279,D11,Image Processing,IoT11,Fog1,Fog,IoT -> Fog,44.2,52.0,16.57,112.77,300.0,Yes
280,D10,Network Traffic,IoT10,IoT10,IoT,IoT (local),69.0,0.0,0.0,69.0,150.0,Yes
281,D12,Image Processing,IoT12,Fog1,Fog,IoT -> Fog,53.2,77.0,0.0,130.2,300.0,Yes
282,D5,Network Traffic,IoT5,Fog2,Fog,IoT -> Fog,27.2,77.0,0.0,104.2,150.0,Yes
283,D13,Image Processing,IoT13,Fog3,Fog,IoT -> Fog,24.4,81.0,0.0,105.4,300.0,Yes
284,D15,Network Traffic,IoT15,Fog1,Fog,IoT -> Fog,33.6,65.0,4.2,102.8,150.0,Yes
285,D10,Video Processing,IoT10,IoT10,IoT,IoT (local),51.0,0.0,0.0,51.0,120.0,Yes
286,D18,Data Analytics,IoT18,Fog2,Fog,IoT -> Fog,43.8,58.0,5.47,107.27,500.0,Yes
287,D7,Image Processing,IoT7,Fog3,Fog,IoT -> Fog,36.2,66.0,4.52,106.72,300.0,Yes
288,D17,Image Processing,IoT17,Fog1,Fog,IoT -> Fog,58.4,69.0,14.6,142.0,300.0,Yes
289,D8,Data Analytics,IoT8,Fog2,Fog,IoT -> Fog,51.6,62.0,12.9,126.5,500.0,Yes
290,D14,Data Analytics,IoT14,Edge1,Edge,IoT -> Edge,55.2,22.0,0.0,77.2,500.0,Yes
291,D14,Image Processing,IoT14,Fog3,Fog,IoT -> Fog,41.8,80.0,10.45,132.25,300.0,Yes
292,D2,Image Processing,IoT2,Edge2,Edge,IoT -> Edge,60.4,51.0,0.0,111.4,300.0,Yes
293,D15,Image Processing,IoT15,IoT15,IoT,IoT (local),59.0,0.0,0.0,59.0,300.0,Yes
294,D10,Network Traffic,IoT10,Edge3,Edge,IoT -> Edge,60.0,58.0,0.0,118.0,150.0,Yes
295,D10,Network Traffic,IoT10,Edge4,Edge,IoT -> Edge,80.0,43.0,0.0,123.0,150.0,Yes
296,D9,Network Traffic,IoT9,Edge5,Edge,IoT -> Edge,59.6,48.0,0.0,107.6,150.0,Yes
297,D2,Video Processing,IoT2,IoT2,IoT,IoT (local),50.0,0.0,0.0,50.0,120.0,Yes
298,D14,Image Processing,IoT14,Edge6,Edge,IoT -> Edge,84.0,45.0,0.0,129.0,300.0,Yes
299,D1,Network Traffic,IoT1,Edge7,Edge,IoT -> Edge,44.8,60.0,0.0,104.8,150.0,Yes
300,D2,Data Analytics,IoT2,Cloud1,Cloud,IoT -> Cloud,29.1,83.0,0.0,112.1,500.0,Yes
301,D10,Video Processing,IoT10,Edge1,Edge,IoT -> Edge,39.6,58.0,0.0,97.6,120.0,Yes
302,D20,Video Processing,IoT20,Fog1,Fog,IoT -> Fog,30.0,69.0,0.0,99.0,120.0,Yes
303,D9,Data Analytics,IoT9,Fog2,Fog,IoT -> Fog,33.0,81.0,0.0,114.0,500.0,Yes
304,D6,Image Processing,IoT6,Fog3,Fog,IoT -> Fog,57.8,70.0,0.0,127.8,300.0,Yes
305,D20,Video Processing,IoT20,Fog1,Fog,IoT -> Fog,40.0,84.0,5.0,129.0,120.0,No
306,D14,Image Processing,IoT14,Edge2,Edge,IoT -> Edge,45.2,25.0,0.0,70.2,300.0,Yes
307,D16,Image Processing,IoT16,Fog2,Fog,IoT -> Fog,32.2,51.0,4.02,87.22,300.0,Yes
308,D8,Data Analytics,IoT8,Edge3,Edge,IoT -> Edge,49.6,20.0,0.0,69.6,500.0,Yes
309,D18,Network Traffic,IoT18,Fog3,Fog,IoT -> Fog,51.4,45.0,6.42,102.82,150.0,Yes
310,D3,Network Traffic,IoT3,Edge4,Edge,IoT -> Edge,56.4,52.0,0.0,108.4,150.0,Yes
311,D20,Network Traffic,IoT20,Edge5,Edge,IoT -> Edge,43.2,47.0,0.0,90.2,150.0,Yes
312,D16,Video Processing,IoT16,Edge6,Edge,IoT -> Edge,31.2,30.0,0.0,61.2,120.0,Yes
313,D5,Network Traffic,IoT5,IoT5,IoT,IoT (local),52.0,0.0,0.0,52.0,150.0,Yes
314,D1,Data Analytics,IoT1,Fog1,Fog,IoT -> Fog,58.0,48.0,14.5,120.5,500.0,Yes
315,D14,Data Analytics,IoT14,Edge7,Edge,IoT -> Edge,56.4,17.0,0.0,73.4,500.0,Yes
316,D7,Network Traffic,IoT7,Fog2,Fog,IoT -> Fog,57.0,82.0,14.25,153.25,150.0,No
317,D12,Video Processing,IoT12,Edge8,Edge,IoT -> Edge,72.8,50.0,0.0,122.8,120.0,No
318,D14,Network Traffic,IoT14,Fog3,Fog,IoT -> Fog,55.2,53.0,13.8,122.0,150.0,Yes
319,D7,Data Analytics,IoT7,Fog1,Fog,IoT -> Fog,40.4,74.0,15.15,129.55,500.0,Yes
320,D13,Network Traffic,IoT13,Fog2,Fog,IoT -> Fog,48.8,44.0,18.3,111.1,150.0,Yes
321,D8,Image Processing,IoT8,Fog1,Fog,IoT -> Fog,37.2,71.0,0.0,108.2,300.0,Yes
322,D19,Network Traffic,IoT19,Fog2,Fog,IoT -> Fog,30.2,48.0,0.0,78.2,150.0,Yes
323,D14,Data Analytics,IoT14,Edge1,Edge,IoT -> Edge,22.8,23.0,0.0,45.8,500.0,Yes
324,D10,Data Analytics,IoT10,Fog3,Fog,IoT -> Fog,33.0,75.0,0.0,108.0,500.0,Yes
325,D18,Image Processing,IoT18,Fog1,Fog,IoT -> Fog,28.6,72.0,3.57,104.17,300.0,Yes
326,D18,Data Analytics,IoT18,Fog2,Fog,IoT -> Fog,33.2,45.0,4.15,82.35,500.0,Yes
327,D11,Network Traffic,IoT11,Fog3,Fog,IoT -> Fog,44.2,46.0,5.52,95.72,150.0,Yes
328,D10,Video Processing,IoT10,Fog1,Fog,IoT -> Fog,57.2,58.0,14.3,129.5,120.0,No
329,D2,Network Traffic,IoT2,Fog2,Fog,IoT -> Fog,51.2,59.0,12.8,123.0,150.0,Yes
330,D18,Data Analytics,IoT18,Edge2,Edge,IoT -> Edge,67.2,45.0,0.0,112.2,500.0,Yes
331,D4,Video Processing,IoT4,IoT4,IoT,IoT (local),71.0,0.0,0.0,71.0,120.0,Yes
332,D15,Network Traffic,IoT15,Fog3,Fog,IoT -> Fog,37.2,42.0,9.3,88.5,150.0,Yes
333,D13,Network Traffic,IoT13,Edge3,Edge,IoT -> Edge,51.6,41.0,0.0,92.6,150.0,Yes
334,D3,Data Analytics,IoT3,Edge4,Edge,IoT -> Edge,47.2,24.0,0.0,71.2,500.0,Yes
335,D8,Data Analytics,IoT8,Edge5,Edge,IoT -> Edge,80.4,57.0,0.0,137.4,500.0,Yes
336,D5,Network Traffic,IoT5,Edge6,Edge,IoT -> Edge,28.0,38.0,0.0,66.0,150.0,Yes
337,D16,Data Analytics,IoT16,Edge7,Edge,IoT -> Edge,97.6,30.0,0.0,127.6,500.0,Yes
338,D15,Image Processing,IoT15,Edge8,Edge,IoT -> Edge,28.0,32.0,0.0,60.0,300.0,Yes
339,D5,Data Analytics,IoT5,Cloud1,Cloud,IoT -> Cloud,26.5,96.0,0.0,122.5,500.0,Yes
340,D15,Image Processing,IoT15,Fog1,Fog,IoT -> Fog,25.2,76.0,9.45,110.65,300.0,Yes
341,D5,Video Processing,IoT5,Fog1,Fog,IoT -> Fog,50.6,57.0,0.0,107.6,120.0,Yes
342,D3,Network Traffic,IoT3,Fog2,Fog,IoT -> Fog,36.6,54.0,0.0,90.6,150.0,Yes
343,D16,Data Analytics,IoT16,Fog3,Fog,IoT -> Fog,36.0,51.0,0.0,87.0,500.0,Yes
344,D4,Data Analytics,IoT4,Fog1,Fog,IoT -> Fog,46.8,72.0,5.85,124.65,500.0,Yes
345,D6,Image Processing,IoT6,Edge1,Edge,IoT -> Edge,51.6,42.0,0.0,93.6,300.0,Yes
346,D1,Data Analytics,IoT1,Fog2,Fog,IoT -> Fog,51.2,76.0,6.4,133.6,500.0,Yes
347,D20,Image Processing,IoT20,Fog3,Fog,IoT -> Fog,45.2,52.0,5.65,102.85,300.0,Yes
348,D16,Data Analytics,IoT16,Fog1,Fog,IoT -> Fog,41.4,58.0,10.35,109.75,500.0,Yes
349,D4,Video Processing,IoT4,Edge2,Edge,IoT -> Edge,33.2,41.0,0.0,74.2,120.0,Yes
350,D5,Video Processing,IoT5,Edge3,Edge,IoT -> Edge,20.4,21.0,0.0,41.4,120.0,Yes
351,D16,Network Traffic,IoT16,Edge4,Edge,IoT -> Edge,34.0,48.0,0.0,82.0,150.0,Yes
352,D11,Network Traffic,IoT11,Fog2,Fog,IoT -> Fog,51.0,81.0,12.75,144.75,150.0,Yes
353,D4,Data Analytics,IoT4,IoT4,IoT,IoT (local),53.0,0.0,0.0,53.0,500.0,Yes
354,D16,Network Traffic,IoT16,Edge5,Edge,IoT -> Edge,20.8,24.0,0.0,44.8,150.0,Yes
355,D6,Image Processing,IoT6,IoT6,IoT,IoT (local),67.0,0.0,0.0,67.0,300.0,Yes
356,D3,Data Analytics,IoT3,Edge6,Edge,IoT -> Edge,32.0,31.0,0.0,63.0,500.0,Yes
357,D3,Data Analytics,IoT3,Edge7,Edge,IoT -> Edge,41.6,32.0,0.0,73.6,500.0,Yes
358,D9,Video Processing,IoT9,Edge8,Edge,IoT -> Edge,71.6,29.0,0.0,100.6,120.0,Yes
359,D14,Data Analytics,IoT14,Fog3,Fog,IoT -> Fog,33.6,83.0,8.4,125.0,500.0,Yes
360,D3,Video Processing,IoT3,Fog1,Fog,IoT -> Fog,32.2,45.0,12.07,89.27,120.0,Yes
361,D14,Data Analytics,IoT14,Fog1,Fog,IoT -> Fog,38.6,72.0,0.0,110.6,500.0,Yes
362,D16,Video Processing,IoT16,Fog2,Fog,IoT -> Fog,24.4,63.0,0.0,87.4,120.0,Yes
363,D1,Data Analytics,IoT1,Fog3,Fog,IoT -> Fog,35.0,40.0,0.0,75.0,500.0,Yes
364,D2,Image Processing,IoT2,Edge1,Edge,IoT -> Edge,56.8,55.0,0.0,111.8,300.0,Yes
365,D1,Network Traffic,IoT1,Edge2,Edge,IoT -> Edge,24.8,35.0,0.0,59.8,150.0,Yes
366,D4,Data Analytics,IoT4,Fog1,Fog,IoT -> Fog,33.0,46.0,4.12,83.12,500.0,Yes
367,D8,Video Processing,IoT8,Fog2,Fog,IoT -> Fog,35.6,38.0,4.45,78.05,120.0,Yes
368,D15,Data Analytics,IoT15,Edge3,Edge,IoT -> Edge,24.0,28.0,0.0,52.0,500.0,Yes
369,D10,Image Processing,IoT10,IoT10,IoT,IoT (local),64.0,0.0,0.0,64.0,300.0,Yes
370,D20,Image Processing,IoT20,IoT20,IoT,IoT (local),66.0,0.0,0.0,66.0,300.0,Yes
371,D5,Video Processing,IoT5,Edge4,Edge,IoT -> Edge,51.2,30.0,0.0,81.2,120.0,Yes
372,D14,Data Analytics,IoT14,Fog3,Fog,IoT -> Fog,39.2,76.0,4.9,120.1,500.0,Yes
373,D3,Network Traffic,IoT3,Fog1,Fog,IoT -> Fog,38.6,77.0,9.65,125.25,150.0,Yes
374,D10,Data Analytics,IoT10,Edge5,Edge,IoT -> Edge,68.4,54.0,0.0,122.4,500.0,Yes
375,D18,Network Traffic,IoT18,Edge6,Edge,IoT -> Edge,49.6,52.0,0.0,101.6,150.0,Yes
376,D3,Image Processing,IoT3,Edge7,Edge,IoT -> Edge,62.4,60.0,0.0,122.4,300.0,Yes
377,D15,Data Analytics,IoT15,Edge8,Edge,IoT -> Edge,36.4,50.0,0.0,86.4,500.0,Yes
378,D14,Image Processing,IoT14,Fog2,Fog,IoT -> Fog,27.2,52.0,6.8,86.0,300.0,Yes
379,D3,Video Processing,IoT3,Fog3,Fog,IoT -> Fog,53.8,48.0,13.45,115.25,120.0,Yes
380,D15,Network Traffic,IoT15,Fog1,Fog,IoT -> Fog,26.8,64.0,10.05,100.85,150.0,Yes
381,D15,Data Analytics,IoT15,Edge1,Edge,IoT -> Edge,46.4,37.0,0.0,83.4,500.0,Yes
382,D20,Image Processing,IoT20,Fog1,Fog,IoT -> Fog,43.6,51.0,0.0,94.6,300.0,Yes
383,D10,Image Processing,IoT10,Fog2,Fog,IoT -> Fog,32.2,59.0,0.0,91.2,300.0,Yes
384,D8,Video Processing,IoT8,Fog3,Fog,IoT -> Fog,36.2,42.0,0.0,78.2,120.0,Yes
385,D13,Network Traffic,IoT13,Fog1,Fog,IoT -> Fog,51.0,56.0,6.37,113.37,150.0,Yes
386,D10,Video Processing,IoT10,IoT10,IoT,IoT (local),75.0,0.0,0.0,75.0,120.0,Yes
387,D11,Network Traffic,IoT11,Fog2,Fog,IoT -> Fog,41.8,79.0,5.22,126.02,150.0,Yes
388,D4,Data Analytics,IoT4,Fog3,Fog,IoT -> Fog,43.2,52.0,5.4,100.6,500.0,Yes
389,D2,Network Traffic,IoT2,Edge2,Edge,IoT -> Edge,29.6,16.0,0.0,45.6,150.0,Yes
390,D1,Video Processing,IoT1,Edge3,Edge,IoT -> Edge,62.8,42.0,0.0,104.8,120.0,Yes
391,D12,Data Analytics,IoT12,Edge4,Edge,IoT -> Edge,47.6,42.0,0.0,89.6,500.0,Yes
392,D2,Network Traffic,IoT2,IoT2,IoT,IoT (local),72.0,0.0,0.0,72.0,150.0,Yes
393,D4,Data Analytics,IoT4,Fog1,Fog,IoT -> Fog,49.4,41.0,12.35,102.75,500.0,Yes
394,D9,Image Processing,IoT9,Edge5,Edge,IoT -> Edge,47.6,24.0,0.0,71.6,300.0,Yes
395,D5,Network Traffic,IoT5,Edge6,Edge,IoT -> Edge,46.8,54.0,0.0,100.8,150.0,Yes
396,D13,Video Processing,IoT13,Fog2,Fog,IoT -> Fog,59.6,46.0,14.9,120.5,120.0,No
397,D16,Video Processing,IoT16,Fog3,Fog,IoT -> Fog,45.2,54.0,11.3,110.5,120.0,Yes
398,D18,Image Processing,IoT18,Edge7,Edge,IoT -> Edge,89.2,62.0,0.0,151.2,300.0,Yes
399,D16,Data Analytics,IoT16,IoT16,IoT,IoT (local),68.0,0.0,0.0,68.0,500.0,Yes
400,D6,Image Processing,IoT6,Edge8,Edge,IoT -> Edge,66.0,35.0,0.0,101.0,300.0,Yes
401,D17,Video Processing,IoT17,Fog1,Fog,IoT -> Fog,54.8,78.0,0.0,132.8,120.0,No
402,D4,Data Analytics,IoT4,IoT4,IoT,IoT (local),52.0,0.0,0.0,52.0,500.0,Yes
403,D6,Network Traffic,IoT6,Fog2,Fog,IoT -> Fog,28.6,66.0,0.0,94.6,150.0,Yes
404,D4,Network Traffic,IoT4,Fog3,Fog,IoT -> Fog,58.8,48.0,0.0,106.8,150.0,Yes
405,D10,Data Analytics,IoT10,Fog1,Fog,IoT -> Fog,50.8,52.0,6.35,109.15,500.0,Yes
406,D12,Data Analytics,IoT12,Fog2,Fog,IoT -> Fog,52.0,69.0,6.5,127.5,500.0,Yes
407,D13,Network Traffic,IoT13,Fog3,Fog,IoT -> Fog,32.8,81.0,4.1,117.9,150.0,Yes
408,D8,Video Processing,IoT8,Fog1,Fog,IoT -> Fog,54.4,53.0,13.6,121.0,120.0,No
409,D11,Video Processing,IoT11,Fog2,Fog,IoT -> Fog,47.2,74.0,11.8,133.0,120.0,No
410,D20,Video Processing,IoT20,Fog3,Fog,IoT -> Fog,58.6,69.0,14.65,142.25,120.0,No
411,D5,Network Traffic,IoT5,Edge1,Edge,IoT -> Edge,63.2,38.0,0.0,101.2,150.0,Yes
412,D16,Image Processing,IoT16,Edge2,Edge,IoT -> Edge,94.8,51.0,0.0,145.8,300.0,Yes
413,D5,Network Traffic,IoT5,Edge3,Edge,IoT -> Edge,93.2,25.0,0.0,118.2,150.0,Yes
414,D16,Video Processing,IoT16,Edge4,Edge,IoT -> Edge,57.6,38.0,0.0,95.6,120.0,Yes
415,D1,Image Processing,IoT1,Edge5,Edge,IoT -> Edge,45.6,53.0,0.0,98.6,300.0,Yes
416,D9,Image Processing,IoT9,Edge6,Edge,IoT -> Edge,47.6,59.0,0.0,106.6,300.0,Yes
417,D18,Video Processing,IoT18,Edge7,Edge,IoT -> Edge,45.2,55.0,0.0,100.2,120.0,Yes
418,D3,Data Analytics,IoT3,Cloud1,Cloud,IoT -> Cloud,28.9,87.0,0.0,115.9,500.0,Yes
419,D3,Image Processing,IoT3,Edge8,Edge,IoT -> Edge,34.4,45.0,0.0,79.4,300.0,Yes
420,D6,Data Analytics,IoT6,Fog1,Fog,IoT -> Fog,23.2,44.0,8.7,75.9,500.0,Yes
421,D17,Network Traffic,IoT17,Edge1,Edge,IoT -> Edge,32.4,30.0,0.0,62.4,150.0,Yes
422,D18,Video Processing,IoT18,Fog1,Fog,IoT -> Fog,42.8,83.0,0.0,125.8,120.0,No
423,D8,Image Processing,IoT8,Fog2,Fog,IoT -> Fog,54.8,71.0,0.0,125.8,300.0,Yes
424,D6,Image Processing,IoT6,Edge2,Edge,IoT -> Edge,38.8,49.0,0.0,87.8,300.0,Yes
425,D10,Video Processing,IoT10,Edge3,Edge,IoT -> Edge,44.8,43.0,0.0,87.8,120.0,Yes
426,D3,Image Processing,IoT3,Fog3,Fog,IoT -> Fog,27.4,44.0,0.0,71.4,300.0,Yes
427,D4,Video Processing,IoT4,Fog1,Fog,IoT -> Fog,59.4,49.0,7.42,115.82,120.0,Yes
428,D15,Image Processing,IoT15,IoT15,IoT,IoT (local),51.0,0.0,0.0,51.0,300.0,Yes
429,D13,Image Processing,IoT13,Fog2,Fog,IoT -> Fog,50.8,51.0,6.35,108.15,300.0,Yes
430,D8,Video Processing,IoT8,Fog3,Fog,IoT -> Fog,48.8,46.0,6.1,100.9,120.0,Yes
431,D11,Image Processing,IoT11,Fog1,Fog,IoT -> Fog,45.8,82.0,11.45,139.25,300.0,Yes
432,D9,Image Processing,IoT9,Fog2,Fog,IoT -> Fog,40.2,70.0,10.05,120.25,300.0,Yes
433,D20,Video Processing,IoT20,Edge4,Edge,IoT -> Edge,33.6,40.0,0.0,73.6,120.0,Yes
434,D16,Video Processing,IoT16,Edge5,Edge,IoT -> Edge,60.4,23.0,0.0,83.4,120.0,Yes
435,D16,Data Analytics,IoT16,Cloud1,Cloud,IoT -> Cloud,29.2,99.0,0.0,128.2,500.0,Yes
436,D8,Network Traffic,IoT8,Fog3,Fog,IoT -> Fog,55.6,74.0,13.9,143.5,150.0,Yes
437,D11,Data Analytics,IoT11,Cloud1,Cloud,IoT -> Cloud,29.1,103.0,0.97,133.07,500.0,Yes
438,D12,Network Traffic,IoT12,Fog1,Fog,IoT -> Fog,52.6,66.0,19.72,138.32,150.0,Yes
439,D1,Image Processing,IoT1,Fog2,Fog,IoT -> Fog,55.2,49.0,20.7,124.9,300.0,Yes
440,D8,Data Analytics,IoT8,Edge6,Edge,IoT -> Edge,48.0,28.0,0.0,76.0,500.0,Yes
441,D19,Image Processing,IoT19,Edge1,Edge,IoT -> Edge,46.8,27.0,0.0,73.8,300.0,Yes
442,D7,Data Analytics,IoT7,Fog1,Fog,IoT -> Fog,45.4,76.0,0.0,121.4,500.0,Yes
443,D19,Video Processing,IoT19,Fog2,Fog,IoT -> Fog,41.0,42.0,0.0,83.0,120.0,Yes
444,D3,Network Traffic,IoT3,Fog3,Fog,IoT -> Fog,46.8,51.0,0.0,97.8,150.0,Yes
445,D18,Network Traffic,IoT18,IoT18,IoT,IoT (local),72.0,0.0,0.0,72.0,150.0,Yes
446,D4,Network Traffic,IoT4,Fog1,Fog,IoT -> Fog,41.0,65.0,5.12,111.12,150.0,Yes
447,D9,Network Traffic,IoT9,IoT9,IoT,IoT (local),73.0,0.0,0.0,73.0,150.0,Yes
448,D7,Image Processing,IoT7,Fog2,Fog,IoT -> Fog,37.0,64.0,4.62,105.62,300.0,Yes
449,D10,Network Traffic,IoT10,IoT10,IoT,IoT (local),65.0,0.0,0.0,65.0,150.0,Yes
450,D18,Video Processing,IoT18,Edge2,Edge,IoT -> Edge,54.4,40.0,0.0,94.4,120.0,Yes
451,D4,Video Processing,IoT4,Fog3,Fog,IoT -> Fog,50.6,54.0,6.32,110.92,120.0,Yes
452,D18,Data Analytics,IoT18,Fog1,Fog,IoT -> Fog,54.4,62.0,13.6,130.0,500.0,Yes
453,D9,Network Traffic,IoT9,Edge3,Edge,IoT -> Edge,27.6,27.0,0.0,54.6,150.0,Yes
454,D12,Video Processing,IoT12,Fog2,Fog,IoT -> Fog,48.8,81.0,12.2,142.0,120.0,No
455,D4,Network Traffic,IoT4,Fog3,Fog,IoT -> Fog,38.2,51.0,9.55,98.75,150.0,Yes
456,D13,Network Traffic,IoT13,Edge4,Edge,IoT -> Edge,94.4,35.0,0.0,129.4,150.0,Yes
457,D4,Video Processing,IoT4,Edge5,Edge,IoT -> Edge,42.8,41.0,0.0,83.8,120.0,Yes
458,D3,Image Processing,IoT3,Edge6,Edge,IoT -> Edge,38.4,19.0,0.0,57.4,300.0,Yes
459,D5,Data Analytics,IoT5,Cloud1,Cloud,IoT -> Cloud,29.5,107.0,0.0,136.5,500.0,Yes
460,D8,Data Analytics,IoT8,Edge7,Edge,IoT -> Edge,50.8,52.0,0.0,102.8,500.0,Yes
461,D11,Image Processing,IoT11,Edge1,Edge,IoT -> Edge,41.2,56.0,0.0,97.2,300.0,Yes
462,D2,Data Analytics,IoT2,IoT2,IoT,IoT (local),84.0,0.0,0.0,84.0,500.0,Yes
463,D3,Network Traffic,IoT3,Edge2,Edge,IoT -> Edge,45.6,29.0,0.0,74.6,150.0,Yes
464,D18,Video Processing,IoT18,Fog1,Fog,IoT -> Fog,55.8,39.0,0.0,94.8,120.0,Yes
465,D8,Video Processing,IoT8,Edge3,Edge,IoT -> Edge,42.4,53.0,0.0,95.4,120.0,Yes
466,D1,Image Processing,IoT1,IoT1,IoT,IoT (local),93.0,0.0,0.0,93.0,300.0,Yes
467,D11,Data Analytics,IoT11,Fog2,Fog,IoT -> Fog,56.4,55.0,0.0,111.4,500.0,Yes
468,D10,Video Processing,IoT10,Edge4,Edge,IoT -> Edge,26.0,20.0,0.0,46.0,120.0,Yes
469,D1,Network Traffic,IoT1,Fog3,Fog,IoT -> Fog,50.2,62.0,0.0,112.2,150.0,Yes
470,D11,Network Traffic,IoT11,Fog1,Fog,IoT -> Fog,50.0,78.0,6.25,134.25,150.0,Yes
471,D5,Network Traffic,IoT5,IoT5,IoT,IoT (local),74.0,0.0,0.0,74.0,150.0,Yes
472,D1,Data Analytics,IoT1,Edge5,Edge,IoT -> Edge,20.4,30.0,0.0,50.4,500.0,Yes
473,D7,Data Analytics,IoT7,Edge6,Edge,IoT -> Edge,49.2,22.0,0.0,71.2,500.0,Yes
474,D10,Video Processing,IoT10,Fog2,Fog,IoT -> Fog,40.8,46.0,5.1,91.9,120.0,Yes
475,D17,Data Analytics,IoT17,Edge7,Edge,IoT -> Edge,59.6,45.0,0.0,104.6,500.0,Yes
476,D12,Image Processing,IoT12,Fog3,Fog,IoT -> Fog,34.6,79.0,4.32,117.92,300.0,Yes
477,D16,Data Analytics,IoT16,Edge8,Edge,IoT -> Edge,69.2,25.0,0.0,94.2,500.0,Yes
478,D14,Network Traffic,IoT14,IoT14,IoT,IoT (local),62.0,0.0,0.0,62.0,150.0,Yes
479,D15,Video Processing,IoT15,Fog1,Fog,IoT -> Fog,24.2,69.0,6.05,99.25,120.0,Yes
480,D18,Data Analytics,IoT18,Fog2,Fog,IoT -> Fog,46.0,57.0,11.5,114.5,500.0,Yes
481,D15,Network Traffic,IoT15,Fog1,Fog,IoT -> Fog,48.0,86.0,0.0,134.0,150.0,Yes
482,D7,Data Analytics,IoT7,Fog2,Fog,IoT -> Fog,35.0,72.0,0.0,107.0,500.0,Yes
483,D13,Image Processing,IoT13,Fog3,Fog,IoT -> Fog,37.4,70.0,0.0,107.4,300.0,Yes
484,D8,Image Processing,IoT8,Fog1,Fog,IoT -> Fog,38.6,75.0,4.82,118.42,300.0,Yes
485,D11,Video Processing,IoT11,IoT11,IoT,IoT (local),56.0,0.0,0.0,56.0,120.0,Yes
486,D9,Data Analytics,IoT9,Fog2,Fog,IoT -> Fog,52.4,60.0,6.55,118.95,500.0,Yes
487,D9,Image Processing,IoT9,IoT9,IoT,IoT (local),65.0,0.0,0.0,65.0,300.0,Yes
488,D11,Network Traffic,IoT11,Edge1,Edge,IoT -> Edge,37.6,56.0,0.0,93.6,150.0,Yes
489,D9,Image Processing,IoT9,Edge2,Edge,IoT -> Edge,47.2,58.0,0.0,105.2,300.0,Yes
490,D11,Image Processing,IoT11,Fog3,Fog,IoT -> Fog,59.8,82.0,7.47,149.27,300.0,Yes
491,D10,Image Processing,IoT10,Fog1,Fog,IoT -> Fog,48.8,49.0,12.2,110.0,300.0,Yes
492,D4,Video Processing,IoT4,Fog2,Fog,IoT -> Fog,52.4,79.0,13.1,144.5,120.0,No
493,D8,Image Processing,IoT8,Edge3,Edge,IoT -> Edge,26.4,36.0,0.0,62.4,300.0,Yes
494,D10,Network Traffic,IoT10,Edge4,Edge,IoT -> Edge,58.0,59.0,0.0,117.0,150.0,Yes
495,D15,Image Processing,IoT15,Edge5,Edge,IoT -> Edge,68.0,37.0,0.0,105.0,300.0,Yes
496,D4,Image Processing,IoT4,Edge6,Edge,IoT -> Edge,61.2,31.0,0.0,92.2,300.0,Yes
497,D8,Data Analytics,IoT8,Edge7,Edge,IoT -> Edge,37.2,45.0,0.0,82.2,500.0,Yes
498,D13,Image Processing,IoT13,Fog3,Fog,IoT -> Fog,41.8,79.0,10.45,131.25,300.0,Yes
499,D10,Network Traffic,IoT10,Edge8,Edge,IoT -> Edge,47.6,18.0,0.0,65.6,150.0,Yes
500,D13,Network Traffic,IoT13,Cloud1,Cloud,IoT -> Cloud,24.6,100.0,0.0,124.6,150.0,Yes
501,D12,Video Processing,IoT12,Fog1,Fog,IoT -> Fog,50.8,79.0,0.0,129.8,120.0,No
502,D14,Video Processing,IoT14,Edge1,Edge,IoT -> Edge,46.8,54.0,0.0,100.8,120.0,Yes
503,D12,Video Processing,IoT12,Fog2,Fog,IoT -> Fog,59.8,62.0,0.0,121.8,120.0,No
504,D10,Video Processing,IoT10,Fog3,Fog,IoT -> Fog,48.8,66.0,0.0,114.8,120.0,Yes
505,D14,Image Processing,IoT14,Fog1,Fog,IoT -> Fog,45.6,75.0,5.7,126.3,300.0,Yes
506,D14,Video Processing,IoT14,Edge2,Edge,IoT -> Edge,50.4,34.0,0.0,84.4,120.0,Yes
507,D6,Image Processing,IoT6,Fog2,Fog,IoT -> Fog,33.4,39.0,4.17,76.57,300.0,Yes
508,D5,Video Processing,IoT5,Fog3,Fog,IoT -> Fog,30.4,59.0,3.8,93.2,120.0,Yes
509,D3,Network Traffic,IoT3,Edge3,Edge,IoT -> Edge,48.4,17.0,0.0,65.4,150.0,Yes
510,D3,Image Processing,IoT3,Fog1,Fog,IoT -> Fog,44.8,58.0,11.2,114.0,300.0,Yes
511,D6,Data Analytics,IoT6,IoT6,IoT,IoT (local),52.0,0.0,0.0,52.0,500.0,Yes
512,D18,Video Processing,IoT18,Fog2,Fog,IoT -> Fog,45.2,65.0,11.3,121.5,120.0,No
513,D6,Video Processing,IoT6,Fog3,Fog,IoT -> Fog,56.2,53.0,14.05,123.25,120.0,No
514,D11,Image Processing,IoT11,IoT11,IoT,IoT (local),51.0,0.0,0.0,51.0,300.0,Yes
515,D5,Image Processing,IoT5,Edge4,Edge,IoT -> Edge,61.6,27.0,0.0,88.6,300.0,Yes
516,D8,Data Analytics,IoT8,Edge5,Edge,IoT -> Edge,49.6,24.0,0.0,73.6,500.0,Yes
517,D11,Data Analytics,IoT11,Edge6,Edge,IoT -> Edge,85.6,51.0,0.0,136.6,500.0,Yes
518,D17,Network Traffic,IoT17,Edge7,Edge,IoT -> Edge,30.0,43.0,0.0,73.0,150.0,Yes
519,D13,Data Analytics,IoT13,IoT13,IoT,IoT (local),53.0,0.0,0.0,53.0,500.0,Yes
520,D5,Network Traffic,IoT5,Edge8,Edge,IoT -> Edge,24.8,28.0,0.0,52.8,150.0,Yes
521,D9,Video Processing,IoT9,Fog1,Fog,IoT -> Fog,49.4,58.0,0.0,107.4,120.0,Yes
522,D11,Video Processing,IoT11,Fog2,Fog,IoT -> Fog,38.6,43.0,0.0,81.6,120.0,Yes
523,D6,Image Processing,IoT6,Edge1,Edge,IoT -> Edge,42.8,50.0,0.0,92.8,300.0,Yes
524,D20,Video Processing,IoT20,Edge2,Edge,IoT -> Edge,39.6,37.0,0.0,76.6,120.0,Yes
525,D9,Video Processing,IoT9,IoT9,IoT,IoT (local),50.0,0.0,0.0,50.0,120.0,Yes
526,D17,Data Analytics,IoT17,Fog3,Fog,IoT -> Fog,48.6,65.0,0.0,113.6,500.0,Yes
527,D10,Video Processing,IoT10,Fog1,Fog,IoT -> Fog,45.2,44.0,5.65,94.85,120.0,Yes
528,D4,Data Analytics,IoT4,Fog2,Fog,IoT -> Fog,37.6,47.0,4.7,89.3,500.0,Yes
529,D19,Image Processing,IoT19,Fog3,Fog,IoT -> Fog,43.6,82.0,5.45,131.05,300.0,Yes
530,D20,Network Traffic,IoT20,Edge3,Edge,IoT -> Edge,23.6,30.0,0.0,53.6,150.0,Yes
531,D5,Video Processing,IoT5,Fog1,Fog,IoT -> Fog,50.6,59.0,12.65,122.25,120.0,No
532,D15,Network Traffic,IoT15,Edge4,Edge,IoT -> Edge,42.0,28.0,0.0,70.0,150.0,Yes
533,D9,Video Processing,IoT9,Edge5,Edge,IoT -> Edge,47.2,39.0,0.0,86.2,120.0,Yes
534,D6,Network Traffic,IoT6,Fog2,Fog,IoT -> Fog,52.6,75.0,13.15,140.75,150.0,Yes
535,D4,Network Traffic,IoT4,IoT4,IoT,IoT (local),60.0,0.0,0.0,60.0,150.0,Yes
536,D3,Data Analytics,IoT3,Edge6,Edge,IoT -> Edge,45.2,38.0,0.0,83.2,500.0,Yes
537,D19,Video Processing,IoT19,Fog3,Fog,IoT -> Fog,42.2,58.0,10.55,110.75,120.0,Yes
538,D16,Image Processing,IoT16,Cloud1,Cloud,IoT -> Cloud,29.0,97.0,0.0,126.0,300.0,Yes
539,D10,Data Analytics,IoT10,Edge7,Edge,IoT -> Edge,98.4,53.0,0.0,151.4,500.0,Yes
540,D2,Network Traffic,IoT2,Edge8,Edge,IoT -> Edge,84.4,23.0,0.0,107.4,150.0,Yes
541,D7,Image Processing,IoT7,Fog1,Fog,IoT -> Fog,40.8,49.0,0.0,89.8,300.0,Yes
542,D14,Image Processing,IoT14,Edge1,Edge,IoT -> Edge,36.0,51.0,0.0,87.0,300.0,Yes
543,D1,Video Processing,IoT1,Edge2,Edge,IoT -> Edge,34.0,35.0,0.0,69.0,120.0,Yes
544,D14,Network Traffic,IoT14,Fog2,Fog,IoT -> Fog,28.8,47.0,0.0,75.8,150.0,Yes
545,D19,Network Traffic,IoT19,Fog3,Fog,IoT -> Fog,30.2,77.0,0.0,107.2,150.0,Yes
546,D14,Image Processing,IoT14,Fog1,Fog,IoT -> Fog,33.4,59.0,4.17,96.57,300.0,Yes
547,D3,Network Traffic,IoT3,Edge3,Edge,IoT -> Edge,50.8,46.0,0.0,96.8,150.0,Yes
548,D10,Network Traffic,IoT10,Fog2,Fog,IoT -> Fog,46.8,79.0,5.85,131.65,150.0,Yes
549,D6,Video Processing,IoT6,Fog3,Fog,IoT -> Fog,43.8,53.0,5.47,102.27,120.0,Yes
550,D11,Network Traffic,IoT11,Edge4,Edge,IoT -> Edge,40.0,39.0,0.0,79.0,150.0,Yes
551,D6,Video Processing,IoT6,Edge5,Edge,IoT -> Edge,70.8,56.0,0.0,126.8,120.0,No
552,D16,Video Processing,IoT16,Fog1,Fog,IoT -> Fog,47.8,57.0,11.95,116.75,120.0,Yes
553,D12,Image Processing,IoT12,Fog2,Fog,IoT -> Fog,45.2,72.0,11.3,128.5,300.0,Yes
554,D18,Network Traffic,IoT18,Edge6,Edge,IoT -> Edge,41.6,35.0,0.0,76.6,150.0,Yes
555,D12,Image Processing,IoT12,Fog3,Fog,IoT -> Fog,52.4,58.0,13.1,123.5,300.0,Yes
556,D15,Image Processing,IoT15,Edge7,Edge,IoT -> Edge,80.8,41.0,0.0,121.8,300.0,Yes
557,D7,Network Traffic,IoT7,Edge8,Edge,IoT -> Edge,65.2,61.0,0.0,126.2,150.0,Yes
558,D11,Network Traffic,IoT11,Fog1,Fog,IoT -> Fog,39.4,47.0,14.77,101.17,150.0,Yes
559,D1,Data Analytics,IoT1,IoT1,IoT,IoT (local),55.0,0.0,0.0,55.0,500.0,Yes
560,D6,Video Processing,IoT6,Cloud1,Cloud,IoT -> Cloud,28.4,103.0,0.0,131.4,120.0,No
561,D11,Data Analytics,IoT11,Fog1,Fog,IoT -> Fog,51.8,68.0,0.0,119.8,500.0,Yes
562,D11,Video Processing,IoT11,Fog2,Fog,IoT -> Fog,55.0,45.0,0.0,100.0,120.0,Yes
563,D18,Network Traffic,IoT18,IoT18,IoT,IoT (local),86.0,0.0,0.0,86.0,150.0,Yes
564,D10,Data Analytics,IoT10,Fog3,Fog,IoT -> Fog,46.2,62.0,0.0,108.2,500.0,Yes
565,D9,Video Processing,IoT9,Fog1,Fog,IoT -> Fog,38.6,60.0,4.82,103.42,120.0,Yes
566,D7,Image Processing,IoT7,Edge1,Edge,IoT -> Edge,54.0,56.0,0.0,110.0,300.0,Yes
567,D14,Data Analytics,IoT14,Fog2,Fog,IoT -> Fog,28.2,84.0,3.52,115.72,500.0,Yes
568,D3,Video Processing,IoT3,Fog3,Fog,IoT -> Fog,31.2,57.0,3.9,92.1,120.0,Yes
569,D17,Video Processing,IoT17,Fog1,Fog,IoT -> Fog,47.6,66.0,11.9,125.5,120.0,No
570,D10,Video Processing,IoT10,Fog2,Fog,IoT -> Fog,50.6,76.0,12.65,139.25,120.0,No
571,D9,Image Processing,IoT9,Fog3,Fog,IoT -> Fog,54.4,51.0,13.6,119.0,300.0,Yes
572,D6,Data Analytics,IoT6,Cloud1,Cloud,IoT -> Cloud,24.1,112.0,0.0,136.1,500.0,Yes
573,D5,Data Analytics,IoT5,Edge2,Edge,IoT -> Edge,89.2,41.0,0.0,130.2,500.0,Yes
574,D1,Network Traffic,IoT1,Edge3,Edge,IoT -> Edge,82.4,21.0,0.0,103.4,150.0,Yes
575,D17,Network Traffic,IoT17,Edge4,Edge,IoT -> Edge,28.8,17.0,0.0,45.8,150.0,Yes
576,D19,Network Traffic,IoT19,Cloud1,Cloud,IoT -> Cloud,28.3,103.0,0.94,132.24,150.0,Yes
577,D6,Data Analytics,IoT6,Edge5,Edge,IoT -> Edge,94.4,44.0,0.0,138.4,500.0,Yes
578,D5,Video Processing,IoT5,Edge6,Edge,IoT -> Edge,47.2,24.0,0.0,71.2,120.0,Yes
579,D20,Data Analytics,IoT20,Cloud1,Cloud,IoT -> Cloud,28.9,80.0,1.93,110.83,500.0,Yes
580,D11,Image Processing,IoT11,Fog1,Fog,IoT -> Fog,58.8,78.0,22.05,158.85,300.0,Yes
581,D11,Network Traffic,IoT11,Edge1,Edge,IoT -> Edge,40.4,39.0,0.0,79.4,150.0,Yes
582,D20,Network Traffic,IoT20,Edge2,Edge,IoT -> Edge,38.0,22.0,0.0,60.0,150.0,Yes
583,D6,Image Processing,IoT6,Edge3,Edge,IoT -> Edge,42.0,53.0,0.0,95.0,300.0,Yes
584,D9,Data Analytics,IoT9,Fog1,Fog,IoT -> Fog,54.6,45.0,0.0,99.6,500.0,Yes
585,D20,Network Traffic,IoT20,Fog2,Fog,IoT -> Fog,57.4,61.0,0.0,118.4,150.0,Yes
586,D1,Network Traffic,IoT1,Fog3,Fog,IoT -> Fog,58.6,54.0,0.0,112.6,150.0,Yes
587,D4,Video Processing,IoT4,Fog1,Fog,IoT -> Fog,33.2,72.0,4.15,109.35,120.0,Yes
588,D11,Data Analytics,IoT11,IoT11,IoT,IoT (local),86.0,0.0,0.0,86.0,500.0,Yes
589,D13,Data Analytics,IoT13,Fog2,Fog,IoT -> Fog,50.8,84.0,6.35,141.15,500.0,Yes
590,D16,Image Processing,IoT16,Fog3,Fog,IoT -> Fog,43.0,50.0,5.37,98.37,300.0,Yes
591,D19,Image Processing,IoT19,Edge4,Edge,IoT -> Edge,56.4,19.0,0.0,75.4,300.0,Yes
592,D5,Network Traffic,IoT5,Fog1,Fog,IoT -> Fog,56.6,49.0,14.15,119.75,150.0,Yes
593,D2,Video Processing,IoT2,Fog2,Fog,IoT -> Fog,37.4,52.0,9.35,98.75,120.0,Yes
594,D3,Network Traffic,IoT3,Fog3,Fog,IoT -> Fog,36.6,58.0,9.15,103.75,150.0,Yes
595,D19,Network Traffic,IoT19,Edge5,Edge,IoT -> Edge,54.4,23.0,0.0,77.4,150.0,Yes
596,D15,Video Processing,IoT15,Cloud1,Cloud,IoT -> Cloud,25.3,110.0,0.0,135.3,120.0,No
597,D11,Image Processing,IoT11,Edge6,Edge,IoT -> Edge,30.4,52.0,0.0,82.4,300.0,Yes
598,D14,Data Analytics,IoT14,Edge7,Edge,IoT -> Edge,67.6,30.0,0.0,97.6,500.0,Yes
599,D8,Data Analytics,IoT8,Cloud1,Cloud,IoT -> Cloud,25.4,79.0,0.85,105.25,500.0,Yes
600,D19,Video Processing,IoT19,IoT19,IoT,IoT (local),74.0,0.0,0.0,74.0,120.0,Yes
601,D4,Data Analytics,IoT4,Fog1,Fog,IoT -> Fog,44.4,44.0,0.0,88.4,500.0,Yes
602,D4,Video Processing,IoT4,Fog2,Fog,IoT -> Fog,36.0,49.0,0.0,85.0,120.0,Yes
603,D10,Image Processing,IoT10,Fog3,Fog,IoT -> Fog,54.8,79.0,0.0,133.8,300.0,Yes
604,D18,Network Traffic,IoT18,Fog1,Fog,IoT -> Fog,50.0,62.0,6.25,118.25,150.0,Yes
605,D20,Video Processing,IoT20,Fog2,Fog,IoT -> Fog,44.6,76.0,5.57,126.17,120.0,No
606,D7,Video Processing,IoT7,Fog3,Fog,IoT -> Fog,52.0,64.0,6.5,122.5,120.0,No
607,D17,Image Processing,IoT17,Cloud1,Cloud,IoT -> Cloud,29.2,124.0,0.0,153.2,300.0,Yes
608,D6,Data Analytics,IoT6,Edge1,Edge,IoT -> Edge,48.0,44.0,0.0,92.0,500.0,Yes
609,D12,Image Processing,IoT12,Fog1,Fog,IoT -> Fog,46.2,47.0,11.55,104.75,300.0,Yes
610,D7,Image Processing,IoT7,Fog2,Fog,IoT -> Fog,40.0,60.0,10.0,110.0,300.0,Yes
611,D10,Image Processing,IoT10,Fog3,Fog,IoT -> Fog,50.0,87.0,12.5,149.5,300.0,Yes
612,D15,Video Processing,IoT15,Edge2,Edge,IoT -> Edge,31.6,39.0,0.0,70.6,120.0,Yes
613,D2,Image Processing,IoT2,Cloud1,Cloud,IoT -> Cloud,28.3,84.0,0.94,113.24,300.0,Yes
614,D18,Data Analytics,IoT18,Edge3,Edge,IoT -> Edge,83.6,33.0,0.0,116.6,500.0,Yes
615,D20,Data Analytics,IoT20,Edge4,Edge,IoT -> Edge,90.4,43.0,0.0,133.4,500.0,Yes
616,D10,Data Analytics,IoT10,Edge5,Edge,IoT -> Edge,49.2,46.0,0.0,95.2,500.0,Yes
617,D9,Data Analytics,IoT9,Edge6,Edge,IoT -> Edge,93.6,48.0,0.0,141.6,500.0,Yes
618,D11,Image Processing,IoT11,Cloud1,Cloud,IoT -> Cloud,29.4,112.0,1.96,143.36,300.0,Yes
619,D4,Video Processing,IoT4,Fog1,Fog,IoT -> Fog,53.6,53.0,20.1,126.7,120.0,No
620,D5,Image Processing,IoT5,Fog2,Fog,IoT -> Fog,54.6,72.0,20.47,147.07,300.0,Yes
621,D1,Data Analytics,IoT1,Fog1,Fog,IoT -> Fog,30.8,51.0,0.0,81.8,500.0,Yes
622,D1,Network Traffic,IoT1,Edge1,Edge,IoT -> Edge,23.6,15.0,0.0,38.6,150.0,Yes
623,D8,Video Processing,IoT8,Fog2,Fog,IoT -> Fog,26.4,51.0,0.0,77.4,120.0,Yes
624,D14,Network Traffic,IoT14,Fog3,Fog,IoT -> Fog,22.8,41.0,0.0,63.8,150.0,Yes
625,D13,Video Processing,IoT13,Fog1,Fog,IoT -> Fog,53.4,65.0,6.67,125.07,120.0,No
626,D11,Image Processing,IoT11,Fog2,Fog,IoT -> Fog,45.0,72.0,5.62,122.62,300.0,Yes
627,D1,Data Analytics,IoT1,Edge2,Edge,IoT -> Edge,39.2,53.0,0.0,92.2,500.0,Yes
628,D12,Video Processing,IoT12,Fog3,Fog,IoT -> Fog,58.0,68.0,7.25,133.25,120.0,No
629,D3,Network Traffic,IoT3,Fog1,Fog,IoT -> Fog,46.8,47.0,11.7,105.5,150.0,Yes
630,D3,Video Processing,IoT3,Edge3,Edge,IoT -> Edge,46.0,38.0,0.0,84.0,120.0,Yes
631,D1,Image Processing,IoT1,Edge4,Edge,IoT -> Edge,50.8,45.0,0.0,95.8,300.0,Yes
632,D1,Video Processing,IoT1,Fog2,Fog,IoT -> Fog,54.4,47.0,13.6,115.0,120.0,Yes
633,D17,Network Traffic,IoT17,Fog3,Fog,IoT -> Fog,54.0,68.0,13.5,135.5,150.0,Yes
634,D6,Network Traffic,IoT6,Cloud1,Cloud,IoT -> Cloud,27.5,89.0,0.0,116.5,150.0,Yes
635,D2,Data Analytics,IoT2,Edge5,Edge,IoT -> Edge,62.0,35.0,0.0,97.0,500.0,Yes
636,D16,Image Processing,IoT16,Edge6,Edge,IoT -> Edge,58.0,41.0,0.0,99.0,300.0,Yes
637,D4,Video Processing,IoT4,Edge7,Edge,IoT -> Edge,95.6,47.0,0.0,142.6,120.0,No
638,D11,Data Analytics,IoT11,Edge8,Edge,IoT -> Edge,23.6,24.0,0.0,47.6,500.0,Yes
639,D12,Data Analytics,IoT12,Cloud1,Cloud,IoT -> Cloud,27.2,118.0,0.91,146.11,500.0,Yes
640,D13,Video Processing,IoT13,Fog1,Fog,IoT -> Fog,51.4,60.0,19.27,130.67,120.0,No
641,D6,Data Analytics,IoT6,Fog1,Fog,IoT -> Fog,29.4,67.0,0.0,96.4,500.0,Yes
642,D8,Data Analytics,IoT8,Fog2,Fog,IoT -> Fog,42.6,68.0,0.0,110.6,500.0,Yes
643,D10,Image Processing,IoT10,Fog3,Fog,IoT -> Fog,27.2,76.0,0.0,103.2,300.0,Yes
644,D5,Image Processing,IoT5,Fog1,Fog,IoT -> Fog,50.2,56.0,6.27,112.47,300.0,Yes
645,D5,Network Traffic,IoT5,Edge1,Edge,IoT -> Edge,34.0,45.0,0.0,79.0,150.0,Yes
646,D16,Video Processing,IoT16,Edge2,Edge,IoT -> Edge,40.0,51.0,0.0,91.0,120.0,Yes
647,D9,Data Analytics,IoT9,Fog2,Fog,IoT -> Fog,44.2,48.0,5.52,97.72,500.0,Yes
648,D16,Data Analytics,IoT16,IoT16,IoT,IoT (local),86.0,0.0,0.0,86.0,500.0,Yes
649,D19,Image Processing,IoT19,Edge3,Edge,IoT -> Edge,23.6,32.0,0.0,55.6,300.0,Yes
650,D18,Data Analytics,IoT18,Fog3,Fog,IoT -> Fog,41.0,54.0,5.12,100.12,500.0,Yes
651,D11,Image Processing,IoT11,Edge4,Edge,IoT -> Edge,51.6,30.0,0.0,81.6,300.0,Yes
652,D15,Network Traffic,IoT15,Edge5,Edge,IoT -> Edge,65.2,29.0,0.0,94.2,150.0,Yes
653,D7,Video Processing,IoT7,IoT7,IoT,IoT (local),57.0,0.0,0.0,57.0,120.0,Yes
654,D16,Video Processing,IoT16,Edge6,Edge,IoT -> Edge,26.4,34.0,0.0,60.4,120.0,Yes
655,D10,Network Traffic,IoT10,Edge7,Edge,IoT -> Edge,36.8,30.0,0.0,66.8,150.0,Yes
656,D4,Data Analytics,IoT4,Edge8,Edge,IoT -> Edge,70.8,20.0,0.0,90.8,500.0,Yes
657,D12,Video Processing,IoT12,Fog1,Fog,IoT -> Fog,37.6,81.0,9.4,128.0,120.0,No
658,D18,Image Processing,IoT18,Fog2,Fog,IoT -> Fog,32.6,77.0,8.15,117.75,300.0,Yes
659,D19,Image Processing,IoT19,Fog3,Fog,IoT -> Fog,37.4,69.0,9.35,115.75,300.0,Yes
660,D11,Video Processing,IoT11,IoT11,IoT,IoT (local),52.0,0.0,0.0,52.0,120.0,Yes
661,D17,Data Analytics,IoT17,Fog1,Fog,IoT -> Fog,29.8,80.0,0.0,109.8,500.0,Yes
662,D10,Data Analytics,IoT10,Fog2,Fog,IoT -> Fog,51.6,51.0,0.0,102.6,500.0,Yes
663,D2,Data Analytics,IoT2,Fog3,Fog,IoT -> Fog,45.6,45.0,0.0,90.6,500.0,Yes
664,D3,Video Processing,IoT3,Fog1,Fog,IoT -> Fog,32.4,51.0,4.05,87.45,120.0,Yes
665,D20,Image Processing,IoT20,IoT20,IoT,IoT (local),60.0,0.0,0.0,60.0,300.0,Yes
666,D19,Network Traffic,IoT19,Fog2,Fog,IoT -> Fog,43.6,67.0,5.45,116.05,150.0,Yes
667,D9,Data Analytics,IoT9,Fog3,Fog,IoT -> Fog,51.4,71.0,6.42,128.82,500.0,Yes
668,D13,Video Processing,IoT13,Fog1,Fog,IoT -> Fog,41.2,65.0,10.3,116.5,120.0,Yes
669,D4,Video Processing,IoT4,Edge1,Edge,IoT -> Edge,39.2,45.0,0.0,84.2,120.0,Yes
670,D5,Data Analytics,IoT5,Edge2,Edge,IoT -> Edge,57.2,30.0,0.0,87.2,500.0,Yes
671,D2,Video Processing,IoT2,Edge3,Edge,IoT -> Edge,70.4,55.0,0.0,125.4,120.0,No
672,D7,Data Analytics,IoT7,Edge4,Edge,IoT -> Edge,35.6,19.0,0.0,54.6,500.0,Yes
673,D6,Image Processing,IoT6,Fog2,Fog,IoT -> Fog,57.2,79.0,14.3,150.5,300.0,Yes
674,D15,Image Processing,IoT15,Edge5,Edge,IoT -> Edge,58.4,51.0,0.0,109.4,300.0,Yes
675,D16,Network Traffic,IoT16,Edge6,Edge,IoT -> Edge,34.8,38.0,0.0,72.8,150.0,Yes
676,D3,Data Analytics,IoT3,Edge7,Edge,IoT -> Edge,32.8,23.0,0.0,55.8,500.0,Yes
677,D10,Video Processing,IoT10,Fog3,Fog,IoT -> Fog,41.2,63.0,10.3,114.5,120.0,Yes
678,D17,Image Processing,IoT17,Edge8,Edge,IoT -> Edge,60.0,33.0,0.0,93.0,300.0,Yes
679,D3,Network Traffic,IoT3,Fog1,Fog,IoT -> Fog,42.0,60.0,15.75,117.75,150.0,Yes
680,D2,Data Analytics,IoT2,IoT2,IoT,IoT (local),59.0,0.0,0.0,59.0,500.0,Yes
681,D1,Data Analytics,IoT1,Fog1,Fog,IoT -> Fog,28.0,71.0,0.0,99.0,500.0,Yes
682,D3,Video Processing,IoT3,Fog2,Fog,IoT -> Fog,52.0,54.0,0.0,106.0,120.0,Yes
683,D5,Data Analytics,IoT5,Fog3,Fog,IoT -> Fog,27.2,80.0,0.0,107.2,500.0,Yes
684,D9,Image Processing,IoT9,Fog1,Fog,IoT -> Fog,43.6,81.0,5.45,130.05,300.0,Yes
685,D12,Image Processing,IoT12,Fog2,Fog,IoT -> Fog,43.0,61.0,5.37,109.37,300.0,Yes
686,D3,Video Processing,IoT3,Fog3,Fog,IoT -> Fog,41.8,65.0,5.22,112.02,120.0,Yes
687,D15,Network Traffic,IoT15,Edge1,Edge,IoT -> Edge,27.2,35.0,0.0,62.2,150.0,Yes
688,D5,Video Processing,IoT5,Fog1,Fog,IoT -> Fog,37.8,62.0,9.45,109.25,120.0,Yes
689,D13,Network Traffic,IoT13,Fog2,Fog,IoT -> Fog,54.8,43.0,13.7,111.5,150.0,Yes
690,D1,Data Analytics,IoT1,Fog3,Fog,IoT -> Fog,56.0,61.0,14.0,131.0,500.0,Yes
691,D17,Network Traffic,IoT17,IoT17,IoT,IoT (local),104.0,0.0,0.0,104.0,150.0,Yes
692,D12,Image Processing,IoT12,Edge2,Edge,IoT -> Edge,22.4,23.0,0.0,45.4,300.0,Yes
693,D14,Data Analytics,IoT14,Edge3,Edge,IoT -> Edge,56.4,55.0,0.0,111.4,500.0,Yes
694,D14,Video Processing,IoT14,Edge4,Edge,IoT -> Edge,86.8,23.0,0.0,109.8,120.0,Yes
695,D6,Video Processing,IoT6,Edge5,Edge,IoT -> Edge,56.8,47.0,0.0,103.8,120.0,Yes
696,D13,Image Processing,IoT13,Edge6,Edge,IoT -> Edge,70.8,45.0,0.0,115.8,300.0,Yes
697,D8,Network Traffic,IoT8,Edge7,Edge,IoT -> Edge,51.6,26.0,0.0,77.6,150.0,Yes
698,D5,Network Traffic,IoT5,Edge8,Edge,IoT -> Edge,82.8,47.0,0.0,129.8,150.0,Yes
699,D20,Video Processing,IoT20,Fog1,Fog,IoT -> Fog,27.4,37.0,10.27,74.67,120.0,Yes
700,D2,Video Processing,IoT2,Fog2,Fog,IoT -> Fog,41.4,50.0,15.52,106.92,120.0,Yes
701,D11,Data Analytics,IoT11,Fog1,Fog,IoT -> Fog,48.6,61.0,0.0,109.6,500.0,Yes
702,D3,Data Analytics,IoT3,Fog2,Fog,IoT -> Fog,50.0,77.0,0.0,127.0,500.0,Yes
703,D6,Video Processing,IoT6,Fog3,Fog,IoT -> Fog,50.6,68.0,0.0,118.6,120.0,Yes
704,D10,Network Traffic,IoT10,Fog1,Fog,IoT -> Fog,45.8,45.0,5.72,96.52,150.0,Yes
705,D14,Data Analytics,IoT14,Fog2,Fog,IoT -> Fog,31.4,79.0,3.92,114.32,500.0,Yes
706,D3,Image Processing,IoT3,Fog3,Fog,IoT -> Fog,54.8,77.0,6.85,138.65,300.0,Yes
707,D20,Data Analytics,IoT20,Edge1,Edge,IoT -> Edge,72.8,55.0,0.0,127.8,500.0,Yes
708,D7,Data Analytics,IoT7,Edge2,Edge,IoT -> Edge,30.8,37.0,0.0,67.8,500.0,Yes
709,D3,Data Analytics,IoT3,Edge3,Edge,IoT -> Edge,60.0,51.0,0.0,111.0,500.0,Yes
710,D9,Video Processing,IoT9,Fog1,Fog,IoT -> Fog,41.4,53.0,10.35,104.75,120.0,Yes
711,D3,Data Analytics,IoT3,Edge4,Edge,IoT -> Edge,58.0,37.0,0.0,95.0,500.0,Yes
712,D8,Image Processing,IoT8,Edge5,Edge,IoT -> Edge,48.8,53.0,0.0,101.8,300.0,Yes
713,D12,Image Processing,IoT12,Fog2,Fog,IoT -> Fog,47.6,78.0,11.9,137.5,300.0,Yes
714,D12,Network Traffic,IoT12,Fog3,Fog,IoT -> Fog,42.8,53.0,10.7,106.5,150.0,Yes
715,D17,Network Traffic,IoT17,Edge6,Edge,IoT -> Edge,40.8,53.0,0.0,93.8,150.0,Yes
716,D15,Image Processing,IoT15,IoT15,IoT,IoT (local),62.0,0.0,0.0,62.0,300.0,Yes
717,D5,Data Analytics,IoT5,Edge7,Edge,IoT -> Edge,24.0,34.0,0.0,58.0,500.0,Yes
718,D18,Network Traffic,IoT18,Cloud1,Cloud,IoT -> Cloud,25.6,86.0,0.0,111.6,150.0,Yes
719,D5,Network Traffic,IoT5,Cloud1,Cloud,IoT -> Cloud,26.6,110.0,0.89,137.49,150.0,Yes
720,D16,Image Processing,IoT16,Edge8,Edge,IoT -> Edge,83.2,50.0,0.0,133.2,300.0,Yes
721,D9,Video Processing,IoT9,Fog1,Fog,IoT -> Fog,59.0,70.0,0.0,129.0,120.0,No
722,D17,Image Processing,IoT17,Fog2,Fog,IoT -> Fog,37.0,58.0,0.0,95.0,300.0,Yes
723,D20,Image Processing,IoT20,Fog3,Fog,IoT -> Fog,31.6,73.0,0.0,104.6,300.0,Yes
724,D10,Network Traffic,IoT10,Fog1,Fog,IoT -> Fog,46.6,71.0,5.82,123.42,150.0,Yes
725,D14,Video Processing,IoT14,Edge1,Edge,IoT -> Edge,58.8,20.0,0.0,78.8,120.0,Yes
726,D6,Data Analytics,IoT6,Fog2,Fog,IoT -> Fog,32.2,77.0,4.02,113.22,500.0,Yes
727,D9,Video Processing,IoT9,Fog3,Fog,IoT -> Fog,49.2,82.0,6.15,137.35,120.0,No
728,D5,Data Analytics,IoT5,Fog1,Fog,IoT -> Fog,59.0,74.0,14.75,147.75,500.0,Yes
729,D6,Data Analytics,IoT6,Edge2,Edge,IoT -> Edge,62.4,50.0,0.0,112.4,500.0,Yes
730,D6,Video Processing,IoT6,Edge3,Edge,IoT -> Edge,52.0,47.0,0.0,99.0,120.0,Yes
731,D10,Video Processing,IoT10,IoT10,IoT,IoT (local),61.0,0.0,0.0,61.0,120.0,Yes
732,D9,Video Processing,IoT9,Fog2,Fog,IoT -> Fog,47.8,80.0,11.95,139.75,120.0,No
733,D14,Image Processing,IoT14,Fog3,Fog,IoT -> Fog,57.4,48.0,14.35,119.75,300.0,Yes
734,D4,Network Traffic,IoT4,Cloud1,Cloud,IoT -> Cloud,27.2,90.0,0.0,117.2,150.0,Yes
735,D13,Network Traffic,IoT13,IoT13,IoT,IoT (local),54.0,0.0,0.0,54.0,150.0,Yes
736,D9,Network Traffic,IoT9,Edge4,Edge,IoT -> Edge,24.0,22.0,0.0,46.0,150.0,Yes
737,D4,Data Analytics,IoT4,Edge5,Edge,IoT -> Edge,84.4,46.0,0.0,130.4,500.0,Yes
738,D14,Image Processing,IoT14,Edge6,Edge,IoT -> Edge,41.6,47.0,0.0,88.6,300.0,Yes
739,D6,Image Processing,IoT6,Edge7,Edge,IoT -> Edge,54.0,19.0,0.0,73.0,300.0,Yes
740,D17,Network Traffic,IoT17,Edge8,Edge,IoT -> Edge,77.6,25.0,0.0,102.6,150.0,Yes
741,D2,Data Analytics,IoT2,Fog1,Fog,IoT -> Fog,43.0,69.0,0.0,112.0,500.0,Yes
742,D7,Video Processing,IoT7,Edge1,Edge,IoT -> Edge,41.6,32.0,0.0,73.6,120.0,Yes
743,D20,Image Processing,IoT20,IoT20,IoT,IoT (local),65.0,0.0,0.0,65.0,300.0,Yes
744,D5,Network Traffic,IoT5,Fog2,Fog,IoT -> Fog,27.2,42.0,0.0,69.2,150.0,Yes
745,D2,Network Traffic,IoT2,Fog3,Fog,IoT -> Fog,49.0,44.0,0.0,93.0,150.0,Yes
746,D18,Network Traffic,IoT18,Fog1,Fog,IoT -> Fog,44.4,58.0,5.55,107.95,150.0,Yes
747,D16,Image Processing,IoT16,Edge2,Edge,IoT -> Edge,49.6,38.0,0.0,87.6,300.0,Yes
748,D1,Data Analytics,IoT1,Edge3,Edge,IoT -> Edge,56.4,46.0,0.0,102.4,500.0,Yes
749,D19,Data Analytics,IoT19,Edge4,Edge,IoT -> Edge,36.0,35.0,0.0,71.0,500.0,Yes
750,D5,Data Analytics,IoT5,Edge5,Edge,IoT -> Edge,39.2,27.0,0.0,66.2,500.0,Yes
751,D3,Data Analytics,IoT3,Fog2,Fog,IoT -> Fog,58.8,57.0,7.35,123.15,500.0,Yes
752,D19,Data Analytics,IoT19,Fog3,Fog,IoT -> Fog,37.6,45.0,4.7,87.3,500.0,Yes
753,D11,Data Analytics,IoT11,Fog1,Fog,IoT -> Fog,38.8,56.0,9.7,104.5,500.0,Yes
754,D17,Video Processing,IoT17,Fog2,Fog,IoT -> Fog,46.2,68.0,11.55,125.75,120.0,No
755,D14,Network Traffic,IoT14,Fog3,Fog,IoT -> Fog,52.4,58.0,13.1,123.5,150.0,Yes
756,D3,Video Processing,IoT3,Edge6,Edge,IoT -> Edge,33.6,28.0,0.0,61.6,120.0,Yes
757,D4,Video Processing,IoT4,Edge7,Edge,IoT -> Edge,96.8,47.0,0.0,143.8,120.0,No
758,D3,Network Traffic,IoT3,Cloud1,Cloud,IoT -> Cloud,29.5,93.0,0.0,122.5,150.0,Yes
759,D15,Data Analytics,IoT15,Edge8,Edge,IoT -> Edge,24.0,22.0,0.0,46.0,500.0,Yes
760,D1,Data Analytics,IoT1,Cloud1,Cloud,IoT -> Cloud,29.7,105.0,0.99,135.69,500.0,Yes
761,D14,Video Processing,IoT14,IoT14,IoT,IoT (local),53.0,0.0,0.0,53.0,120.0,Yes
762,D6,Image Processing,IoT6,IoT6,IoT,IoT (local),76.0,0.0,0.0,76.0,300.0,Yes
763,D6,Image Processing,IoT6,Fog1,Fog,IoT -> Fog,49.4,63.0,0.0,112.4,300.0,Yes
764,D19,Image Processing,IoT19,Fog2,Fog,IoT -> Fog,39.4,83.0,0.0,122.4,300.0,Yes
765,D12,Image Processing,IoT12,Fog3,Fog,IoT -> Fog,31.0,87.0,0.0,118.0,300.0,Yes
766,D6,Video Processing,IoT6,Edge1,Edge,IoT -> Edge,59.2,21.0,0.0,80.2,120.0,Yes
767,D19,Video Processing,IoT19,Edge2,Edge,IoT -> Edge,28.4,17.0,0.0,45.4,120.0,Yes
768,D11,Image Processing,IoT11,Fog1,Fog,IoT -> Fog,42.0,73.0,5.25,120.25,300.0,Yes
769,D20,Network Traffic,IoT20,Edge3,Edge,IoT -> Edge,57.6,52.0,0.0,109.6,150.0,Yes
770,D20,Image Processing,IoT20,Fog2,Fog,IoT -> Fog,53.2,48.0,6.65,107.85,300.0,Yes
771,D17,Network Traffic,IoT17,Edge4,Edge,IoT -> Edge,40.4,57.0,0.0,97.4,150.0,Yes
772,D10,Network Traffic,IoT10,Fog3,Fog,IoT -> Fog,35.2,71.0,4.4,110.6,150.0,Yes
773,D5,Image Processing,IoT5,Edge5,Edge,IoT -> Edge,53.6,46.0,0.0,99.6,300.0,Yes
774,D20,Image Processing,IoT20,Fog1,Fog,IoT -> Fog,56.4,60.0,14.1,130.5,300.0,Yes
775,D14,Network Traffic,IoT14,Edge6,Edge,IoT -> Edge,30.0,32.0,0.0,62.0,150.0,Yes
776,D8,Network Traffic,IoT8,Edge7,Edge,IoT -> Edge,29.6,29.0,0.0,58.6,150.0,Yes
777,D20,Network Traffic,IoT20,Fog2,Fog,IoT -> Fog,41.4,47.0,10.35,98.75,150.0,Yes
778,D2,Video Processing,IoT2,Edge8,Edge,IoT -> Edge,34.4,22.0,0.0,56.4,120.0,Yes
779,D9,Image Processing,IoT9,Fog3,Fog,IoT -> Fog,56.8,82.0,14.2,153.0,300.0,Yes
780,D3,Video Processing,IoT3,Fog1,Fog,IoT -> Fog,28.8,77.0,10.8,116.6,120.0,Yes
781,D14,Video Processing,IoT14,Fog1,Fog,IoT -> Fog,50.2,47.0,0.0,97.2,120.0,Yes
782,D20,Video Processing,IoT20,Fog2,Fog,IoT -> Fog,23.2,46.0,0.0,69.2,120.0,Yes
783,D13,Data Analytics,IoT13,Edge1,Edge,IoT -> Edge,35.2,17.0,0.0,52.2,500.0,Yes
784,D18,Network Traffic,IoT18,Fog3,Fog,IoT -> Fog,56.8,43.0,0.0,99.8,150.0,Yes
785,D1,Image Processing,IoT1,Fog1,Fog,IoT -> Fog,34.4,42.0,4.3,80.7,300.0,Yes
786,D13,Network Traffic,IoT13,IoT13,IoT,IoT (local),54.0,0.0,0.0,54.0,150.0,Yes
787,D13,Image Processing,IoT13,Fog2,Fog,IoT -> Fog,37.6,69.0,4.7,111.3,300.0,Yes
788,D17,Network Traffic,IoT17,Fog3,Fog,IoT -> Fog,33.4,54.0,4.17,91.57,150.0,Yes
789,D13,Image Processing,IoT13,Fog1,Fog,IoT -> Fog,53.0,58.0,13.25,124.25,300.0,Yes
790,D10,Network Traffic,IoT10,Edge2,Edge,IoT -> Edge,60.0,57.0,0.0,117.0,150.0,Yes
791,D14,Data Analytics,IoT14,Edge3,Edge,IoT -> Edge,58.0,32.0,0.0,90.0,500.0,Yes
792,D14,Data Analytics,IoT14,Edge4,Edge,IoT -> Edge,42.8,30.0,0.0,72.8,500.0,Yes
793,D13,Data Analytics,IoT13,Fog2,Fog,IoT -> Fog,51.4,73.0,12.85,137.25,500.0,Yes
794,D17,Image Processing,IoT17,Fog3,Fog,IoT -> Fog,48.8,57.0,12.2,118.0,300.0,Yes
795,D18,Network Traffic,IoT18,IoT18,IoT,IoT (local),63.0,0.0,0.0,63.0,150.0,Yes
796,D1,Data Analytics,IoT1,Edge5,Edge,IoT -> Edge,54.4,42.0,0.0,96.4,500.0,Yes
797,D3,Data Analytics,IoT3,Edge6,Edge,IoT -> Edge,90.8,39.0,0.0,129.8,500.0,Yes
798,D11,Data Analytics,IoT11,Edge7,Edge,IoT -> Edge,44.4,32.0,0.0,76.4,500.0,Yes
799,D17,Data Analytics,IoT17,Edge8,Edge,IoT -> Edge,36.8,37.0,0.0,73.8,500.0,Yes
800,D19,Network Traffic,IoT19,Cloud1,Cloud,IoT -> Cloud,27.3,103.0,0.0,130.3,150.0,Yes
801,D2,Image Processing,IoT2,IoT2,IoT,IoT (local),60.0,0.0,0.0,60.0,300.0,Yes
802,D19,Image Processing,IoT19,IoT19,IoT,IoT (local),72.0,0.0,0.0,72.0,300.0,Yes
803,D11,Video Processing,IoT11,Fog1,Fog,IoT -> Fog,46.4,42.0,0.0,88.4,120.0,Yes
804,D5,Network Traffic,IoT5,Fog2,Fog,IoT -> Fog,36.8,47.0,0.0,83.8,150.0,Yes
805,D15,Network Traffic,IoT15,Fog3,Fog,IoT -> Fog,33.2,69.0,0.0,102.2,150.0,Yes
806,D2,Image Processing,IoT2,Fog1,Fog,IoT -> Fog,44.6,71.0,5.57,121.17,300.0,Yes
807,D1,Image Processing,IoT1,Edge1,Edge,IoT -> Edge,29.2,34.0,0.0,63.2,300.0,Yes
808,D12,Data Analytics,IoT12,Fog2,Fog,IoT -> Fog,36.4,58.0,4.55,98.95,500.0,Yes
809,D6,Image Processing,IoT6,IoT6,IoT,IoT (local),82.0,0.0,0.0,82.0,300.0,Yes
810,D11,Data Analytics,IoT11,Fog3,Fog,IoT -> Fog,43.4,75.0,5.42,123.82,500.0,Yes
811,D17,Network Traffic,IoT17,Fog1,Fog,IoT -> Fog,51.2,59.0,12.8,123.0,150.0,Yes
812,D12,Video Processing,IoT12,Fog2,Fog,IoT -> Fog,42.8,45.0,10.7,98.5,120.0,Yes
813,D17,Network Traffic,IoT17,Edge2,Edge,IoT -> Edge,60.0,35.0,0.0,95.0,150.0,Yes
814,D20,Data Analytics,IoT20,Fog3,Fog,IoT -> Fog,50.2,70.0,12.55,132.75,500.0,Yes
815,D15,Data Analytics,IoT15,Cloud1,Cloud,IoT -> Cloud,24.5,111.0,0.0,135.5,500.0,Yes
816,D16,Image Processing,IoT16,Edge3,Edge,IoT -> Edge,41.6,59.0,0.0,100.6,300.0,Yes
817,D9,Network Traffic,IoT9,Edge4,Edge,IoT -> Edge,87.2,41.0,0.0,128.2,150.0,Yes
818,D15,Data Analytics,IoT15,IoT15,IoT,IoT (local),56.0,0.0,0.0,56.0,500.0,Yes
819,D8,Data Analytics,IoT8,Edge5,Edge,IoT -> Edge,57.6,45.0,0.0,102.6,500.0,Yes
820,D14,Video Processing,IoT14,Edge6,Edge,IoT -> Edge,64.0,38.0,0.0,102.0,120.0,Yes
821,D6,Image Processing,IoT6,IoT6,IoT,IoT (local),64.0,0.0,0.0,64.0,300.0,Yes
822,D18,Image Processing,IoT18,Edge1,Edge,IoT -> Edge,42.4,56.0,0.0,98.4,300.0,Yes
823,D6,Image Processing,IoT6,Fog1,Fog,IoT -> Fog,46.2,68.0,0.0,114.2,300.0,Yes
824,D9,Data Analytics,IoT9,Fog2,Fog,IoT -> Fog,37.8,65.0,0.0,102.8,500.0,Yes
825,D2,Data Analytics,IoT2,IoT2,IoT,IoT (local),57.0,0.0,0.0,57.0,500.0,Yes
826,D8,Network Traffic,IoT8,Fog3,Fog,IoT -> Fog,35.4,59.0,0.0,94.4,150.0,Yes
827,D15,Data Analytics,IoT15,Fog1,Fog,IoT -> Fog,41.0,47.0,5.12,93.12,500.0,Yes
828,D2,Video Processing,IoT2,Edge2,Edge,IoT -> Edge,42.8,53.0,0.0,95.8,120.0,Yes
829,D5,Data Analytics,IoT5,IoT5,IoT,IoT (local),93.0,0.0,0.0,93.0,500.0,Yes
830,D13,Data Analytics,IoT13,Edge3,Edge,IoT -> Edge,41.2,45.0,0.0,86.2,500.0,Yes
831,D4,Data Analytics,IoT4,Fog2,Fog,IoT -> Fog,54.4,45.0,6.8,106.2,500.0,Yes
832,D19,Data Analytics,IoT19,Fog3,Fog,IoT -> Fog,57.4,66.0,7.17,130.57,500.0,Yes
833,D20,Network Traffic,IoT20,Edge4,Edge,IoT -> Edge,62.4,22.0,0.0,84.4,150.0,Yes
834,D15,Network Traffic,IoT15,Edge5,Edge,IoT -> Edge,44.0,55.0,0.0,99.0,150.0,Yes
835,D3,Image Processing,IoT3,Fog1,Fog,IoT -> Fog,51.4,65.0,12.85,129.25,300.0,Yes
836,D17,Video Processing,IoT17,Cloud1,Cloud,IoT -> Cloud,29.6,81.0,0.0,110.6,120.0,Yes
837,D18,Image Processing,IoT18,IoT18,IoT,IoT (local),77.0,0.0,0.0,77.0,300.0,Yes
838,D17,Image Processing,IoT17,Edge6,Edge,IoT -> Edge,54.8,52.0,0.0,106.8,300.0,Yes
839,D11,Network Traffic,IoT11,Edge7,Edge,IoT -> Edge,76.4,39.0,0.0,115.4,150.0,Yes
840,D8,Network Traffic,IoT8,Edge8,Edge,IoT -> Edge,72.4,52.0,0.0,124.4,150.0,Yes
841,D14,Image Processing,IoT14,Edge1,Edge,IoT -> Edge,40.4,25.0,0.0,65.4,300.0,Yes
842,D11,Network Traffic,IoT11,Fog1,Fog,IoT -> Fog,50.6,64.0,0.0,114.6,150.0,Yes
843,D20,Video Processing,IoT20,Fog2,Fog,IoT -> Fog,59.8,82.0,0.0,141.8,120.0,No
844,D13,Network Traffic,IoT13,Fog3,Fog,IoT -> Fog,54.2,85.0,0.0,139.2,150.0,Yes
845,D17,Data Analytics,IoT17,Fog1,Fog,IoT -> Fog,49.6,84.0,6.2,139.8,500.0,Yes
846,D8,Data Analytics,IoT8,IoT8,IoT,IoT (local),51.0,0.0,0.0,51.0,500.0,Yes
847,D1,Image Processing,IoT1,Edge2,Edge,IoT -> Edge,48.0,35.0,0.0,83.0,300.0,Yes
848,D19,Video Processing,IoT19,Edge3,Edge,IoT -> Edge,43.6,32.0,0.0,75.6,120.0,Yes
849,D8,Image Processing,IoT8,Fog2,Fog,IoT -> Fog,57.6,84.0,7.2,148.8,300.0,Yes
850,D12,Image Processing,IoT12,Edge4,Edge,IoT -> Edge,38.8,40.0,0.0,78.8,300.0,Yes
851,D6,Video Processing,IoT6,Fog3,Fog,IoT -> Fog,42.0,70.0,5.25,117.25,120.0,Yes
852,D8,Video Processing,IoT8,Fog1,Fog,IoT -> Fog,58.0,78.0,14.5,150.5,120.0,No
853,D20,Network Traffic,IoT20,Edge5,Edge,IoT -> Edge,21.2,30.0,0.0,51.2,150.0,Yes
854,D6,Video Processing,IoT6,IoT6,IoT,IoT (local),83.0,0.0,0.0,83.0,120.0,Yes
855,D14,Image Processing,IoT14,Fog2,Fog,IoT -> Fog,42.6,58.0,10.65,111.25,300.0,Yes
856,D7,Data Analytics,IoT7,Fog3,Fog,IoT -> Fog,39.4,51.0,9.85,100.25,500.0,Yes
857,D10,Network Traffic,IoT10,Edge6,Edge,IoT -> Edge,50.0,49.0,0.0,99.0,150.0,Yes
858,D20,Video Processing,IoT20,Edge7,Edge,IoT -> Edge,76.8,29.0,0.0,105.8,120.0,Yes
859,D19,Network Traffic,IoT19,Edge8,Edge,IoT -> Edge,37.6,18.0,0.0,55.6,150.0,Yes
860,D6,Video Processing,IoT6,Fog1,Fog,IoT -> Fog,42.8,43.0,16.05,101.85,120.0,Yes
861,D6,Data Analytics,IoT6,Edge1,Edge,IoT -> Edge,44.8,16.0,0.0,60.8,500.0,Yes
862,D18,Data Analytics,IoT18,Fog1,Fog,IoT -> Fog,52.0,66.0,0.0,118.0,500.0,Yes
863,D7,Image Processing,IoT7,Edge2,Edge,IoT -> Edge,34.4,43.0,0.0,77.4,300.0,Yes
864,D12,Image Processing,IoT12,Fog2,Fog,IoT -> Fog,52.4,54.0,0.0,106.4,300.0,Yes
865,D6,Image Processing,IoT6,Fog3,Fog,IoT -> Fog,39.0,79.0,0.0,118.0,300.0,Yes
866,D7,Data Analytics,IoT7,Fog1,Fog,IoT -> Fog,38.4,87.0,4.8,130.2,500.0,Yes
867,D11,Data Analytics,IoT11,Fog2,Fog,IoT -> Fog,29.8,74.0,3.72,107.52,500.0,Yes
868,D5,Network Traffic,IoT5,Fog3,Fog,IoT -> Fog,43.0,77.0,5.37,125.37,150.0,Yes
869,D20,Video Processing,IoT20,Fog1,Fog,IoT -> Fog,54.2,79.0,13.55,146.75,120.0,No
870,D15,Image Processing,IoT15,Fog2,Fog,IoT -> Fog,57.4,85.0,14.35,156.75,300.0,Yes
871,D1,Data Analytics,IoT1,Edge3,Edge,IoT -> Edge,58.4,50.0,0.0,108.4,500.0,Yes
872,D14,Video Processing,IoT14,Edge4,Edge,IoT -> Edge,33.6,48.0,0.0,81.6,120.0,Yes
873,D5,Network Traffic,IoT5,Fog3,Fog,IoT -> Fog,41.2,60.0,10.3,111.5,150.0,Yes
874,D5,Video Processing,IoT5,Edge5,Edge,IoT -> Edge,84.0,23.0,0.0,107.0,120.0,Yes
875,D17,Network Traffic,IoT17,Cloud1,Cloud,IoT -> Cloud,27.7,92.0,0.0,119.7,150.0,Yes
876,D12,Video Processing,IoT12,Cloud1,Cloud,IoT -> Cloud,27.1,108.0,0.9,136.0,120.0,No
877,D12,Video Processing,IoT12,Cloud1,Cloud,IoT -> Cloud,28.1,96.0,1.87,125.97,120.0,No
878,D11,Video Processing,IoT11,Edge6,Edge,IoT -> Edge,61.2,39.0,0.0,100.2,120.0,Yes
879,D11,Data Analytics,IoT11,Edge7,Edge,IoT -> Edge,95.2,64.0,0.0,159.2,500.0,Yes
880,D19,Video Processing,IoT19,Edge8,Edge,IoT -> Edge,58.4,28.0,0.0,86.4,120.0,Yes
881,D11,Data Analytics,IoT11,Fog1,Fog,IoT -> Fog,37.2,61.0,0.0,98.2,500.0,Yes
882,D2,Network Traffic,IoT2,Edge1,Edge,IoT -> Edge,24.8,32.0,0.0,56.8,150.0,Yes
883,D10,Data Analytics,IoT10,Fog2,Fog,IoT -> Fog,38.4,52.0,0.0,90.4,500.0,Yes
884,D9,Video Processing,IoT9,Fog3,Fog,IoT -> Fog,42.0,80.0,0.0,122.0,120.0,No
885,D4,Image Processing,IoT4,Fog1,Fog,IoT -> Fog,34.4,53.0,4.3,91.7,300.0,Yes
886,D11,Data Analytics,IoT11,Fog2,Fog,IoT -> Fog,43.2,84.0,5.4,132.6,500.0,Yes
887,D17,Video Processing,IoT17,Fog3,Fog,IoT -> Fog,39.8,52.0,4.97,96.77,120.0,Yes
888,D7,Image Processing,IoT7,Edge2,Edge,IoT -> Edge,74.0,52.0,0.0,126.0,300.0,Yes
889,D14,Video Processing,IoT14,Fog1,Fog,IoT -> Fog,44.2,83.0,11.05,138.25,120.0,No
890,D5,Image Processing,IoT5,IoT5,IoT,IoT (local),68.0,0.0,0.0,68.0,300.0,Yes
891,D4,Video Processing,IoT4,Fog2,Fog,IoT -> Fog,52.8,62.0,13.2,128.0,120.0,No
892,D9,Data Analytics,IoT9,Edge3,Edge,IoT -> Edge,63.2,45.0,0.0,108.2,500.0,Yes
893,D11,Video Processing,IoT11,Edge4,Edge,IoT -> Edge,24.4,32.0,0.0,56.4,120.0,Yes
894,D18,Network Traffic,IoT18,Fog3,Fog,IoT -> Fog,35.8,45.0,8.95,89.75,150.0,Yes
895,D18,Video Processing,IoT18,Edge5,Edge,IoT -> Edge,60.8,57.0,0.0,117.8,120.0,Yes
896,D9,Data Analytics,IoT9,Edge6,Edge,IoT -> Edge,74.4,42.0,0.0,116.4,500.0,Yes
897,D9,Data Analytics,IoT9,Edge7,Edge,IoT -> Edge,68.0,21.0,0.0,89.0,500.0,Yes
898,D12,Network Traffic,IoT12,Edge8,Edge,IoT -> Edge,84.4,41.0,0.0,125.4,150.0,Yes
899,D6,Image Processing,IoT6,Fog1,Fog,IoT -> Fog,33.2,41.0,12.45,86.65,300.0,Yes
900,D5,Data Analytics,IoT5,Fog2,Fog,IoT -> Fog,45.6,79.0,17.1,141.7,500.0,Yes
901,D18,Data Analytics,IoT18,Fog1,Fog,IoT -> Fog,34.6,64.0,0.0,98.6,500.0,Yes
902,D2,Network Traffic,IoT2,Fog2,Fog,IoT -> Fog,55.6,81.0,0.0,136.6,150.0,Yes
903,D18,Video Processing,IoT18,Fog3,Fog,IoT -> Fog,26.0,45.0,0.0,71.0,120.0,Yes
904,D16,Network Traffic,IoT16,Fog1,Fog,IoT -> Fog,39.4,51.0,4.92,95.32,150.0,Yes
905,D10,Network Traffic,IoT10,IoT10,IoT,IoT (local),95.0,0.0,0.0,95.0,150.0,Yes
906,D3,Network Traffic,IoT3,Edge1,Edge,IoT -> Edge,36.4,34.0,0.0,70.4,150.0,Yes
907,D19,Network Traffic,IoT19,Fog2,Fog,IoT -> Fog,30.2,68.0,3.77,101.97,150.0,Yes
908,D20,Network Traffic,IoT20,Fog3,Fog,IoT -> Fog,32.2,50.0,4.02,86.22,150.0,Yes
909,D20,Image Processing,IoT20,Edge2,Edge,IoT -> Edge,72.0,21.0,0.0,93.0,300.0,Yes
910,D19,Data Analytics,IoT19,Fog1,Fog,IoT -> Fog,44.6,78.0,11.15,133.75,500.0,Yes
911,D9,Video Processing,IoT9,Edge3,Edge,IoT -> Edge,55.6,17.0,0.0,72.6,120.0,Yes
912,D16,Data Analytics,IoT16,IoT16,IoT,IoT (local),103.0,0.0,0.0,103.0,500.0,Yes
913,D10,Image Processing,IoT10,Edge4,Edge,IoT -> Edge,57.6,58.0,0.0,115.6,300.0,Yes
914,D1,Network Traffic,IoT1,Fog2,Fog,IoT -> Fog,39.4,48.0,9.85,97.25,150.0,Yes
915,D11,Image Processing,IoT11,Fog3,Fog,IoT -> Fog,48.8,64.0,12.2,125.0,300.0,Yes
916,D16,Network Traffic,IoT16,Edge5,Edge,IoT -> Edge,96.0,56.0,0.0,152.0,150.0,No
917,D15,Network Traffic,IoT15,Edge6,Edge,IoT -> Edge,92.8,22.0,0.0,114.8,150.0,Yes
918,D17,Network Traffic,IoT17,Edge7,Edge,IoT -> Edge,41.6,31.0,0.0,72.6,150.0,Yes
919,D20,Data Analytics,IoT20,Edge8,Edge,IoT -> Edge,43.6,24.0,0.0,67.6,500.0,Yes
920,D10,Image Processing,IoT10,Fog1,Fog,IoT -> Fog,35.2,48.0,13.2,96.4,300.0,Yes
921,D7,Data Analytics,IoT7,IoT7,IoT,IoT (local),73.0,0.0,0.0,73.0,500.0,Yes
922,D16,Image Processing,IoT16,Fog1,Fog,IoT -> Fog,39.6,72.0,0.0,111.6,300.0,Yes
923,D4,Network Traffic,IoT4,Fog2,Fog,IoT -> Fog,51.6,68.0,0.0,119.6,150.0,Yes
924,D13,Data Analytics,IoT13,Fog3,Fog,IoT -> Fog,31.4,46.0,0.0,77.4,500.0,Yes
925,D8,Network Traffic,IoT8,Fog1,Fog,IoT -> Fog,54.6,55.0,6.82,116.42,150.0,Yes
926,D18,Image Processing,IoT18,Fog2,Fog,IoT -> Fog,46.4,62.0,5.8,114.2,300.0,Yes
927,D18,Image Processing,IoT18,Edge1,Edge,IoT -> Edge,50.0,32.0,0.0,82.0,300.0,Yes
928,D6,Data Analytics,IoT6,Fog3,Fog,IoT -> Fog,32.8,76.0,4.1,112.9,500.0,Yes
929,D2,Data Analytics,IoT2,Fog1,Fog,IoT -> Fog,57.2,56.0,14.3,127.5,500.0,Yes
930,D3,Data Analytics,IoT3,Fog2,Fog,IoT -> Fog,45.2,76.0,11.3,132.5,500.0,Yes
931,D7,Network Traffic,IoT7,Fog3,Fog,IoT -> Fog,40.8,62.0,10.2,113.0,150.0,Yes
932,D15,Data Analytics,IoT15,Cloud1,Cloud,IoT -> Cloud,24.7,107.0,0.0,131.7,500.0,Yes
933,D2,Image Processing,IoT2,IoT2,IoT,IoT (local),66.0,0.0,0.0,66.0,300.0,Yes
934,D13,Image Processing,IoT13,Cloud1,Cloud,IoT -> Cloud,27.6,112.0,0.92,140.52,300.0,Yes
935,D11,Data Analytics,IoT11,Edge2,Edge,IoT -> Edge,56.4,40.0,0.0,96.4,500.0,Yes
936,D5,Image Processing,IoT5,Edge3,Edge,IoT -> Edge,44.4,47.0,0.0,91.4,300.0,Yes
937,D13,Data Analytics,IoT13,Edge4,Edge,IoT -> Edge,40.8,27.0,0.0,67.8,500.0,Yes
938,D8,Network Traffic,IoT8,Edge5,Edge,IoT -> Edge,59.6,36.0,0.0,95.6,150.0,Yes
939,D8,Image Processing,IoT8,Cloud1,Cloud,IoT -> Cloud,29.4,87.0,1.96,118.36,300.0,Yes
940,D13,Video Processing,IoT13,Edge6,Edge,IoT -> Edge,38.4,55.0,0.0,93.4,120.0,Yes
941,D7,Image Processing,IoT7,Fog1,Fog,IoT -> Fog,53.4,63.0,0.0,116.4,300.0,Yes
942,D9,Image Processing,IoT9,Fog2,Fog,IoT -> Fog,53.8,60.0,0.0,113.8,300.0,Yes
943,D7,Video Processing,IoT7,Fog3,Fog,IoT -> Fog,45.0,71.0,0.0,116.0,120.0,Yes
944,D12,Image Processing,IoT12,Edge1,Edge,IoT -> Edge,36.4,19.0,0.0,55.4,300.0,Yes
945,D9,Network Traffic,IoT9,Fog1,Fog,IoT -> Fog,58.8,85.0,7.35,151.15,150.0,No
946,D18,Data Analytics,IoT18,Edge2,Edge,IoT -> Edge,39.6,34.0,0.0,73.6,500.0,Yes
947,D14,Image Processing,IoT14,Edge3,Edge,IoT -> Edge,39.6,16.0,0.0,55.6,300.0,Yes
948,D1,Video Processing,IoT1,Fog2,Fog,IoT -> Fog,48.4,62.0,6.05,116.45,120.0,Yes
949,D8,Network Traffic,IoT8,Edge4,Edge,IoT -> Edge,40.8,54.0,0.0,94.8,150.0,Yes
950,D14,Data Analytics,IoT14,Fog3,Fog,IoT -> Fog,41.2,64.0,5.15,110.35,500.0,Yes
951,D2,Video Processing,IoT2,Fog1,Fog,IoT -> Fog,41.0,48.0,10.25,99.25,120.0,Yes
952,D15,Image Processing,IoT15,Edge5,Edge,IoT -> Edge,37.2,36.0,0.0,73.2,300.0,Yes
953,D14,Image Processing,IoT14,Edge6,Edge,IoT -> Edge,34.4,34.0,0.0,68.4,300.0,Yes
954,D20,Data Analytics,IoT20,Edge7,Edge,IoT -> Edge,67.6,41.0,0.0,108.6,500.0,Yes
955,D1,Image Processing,IoT1,Edge8,Edge,IoT -> Edge,42.4,28.0,0.0,70.4,300.0,Yes
956,D16,Video Processing,IoT16,Fog2,Fog,IoT -> Fog,54.4,60.0,13.6,128.0,120.0,No
957,D16,Network Traffic,IoT16,Fog3,Fog,IoT -> Fog,19.0,56.0,4.75,79.75,150.0,Yes
958,D15,Video Processing,IoT15,Cloud1,Cloud,IoT -> Cloud,25.3,80.0,0.0,105.3,120.0,Yes
959,D16,Image Processing,IoT16,Fog1,Fog,IoT -> Fog,44.2,74.0,16.57,134.77,300.0,Yes
960,D6,Data Analytics,IoT6,Fog2,Fog,IoT -> Fog,28.2,63.0,10.57,101.77,500.0,Yes
961,D8,Video Processing,IoT8,Edge1,Edge,IoT -> Edge,24.4,24.0,0.0,48.4,120.0,Yes
962,D10,Video Processing,IoT10,Edge2,Edge,IoT -> Edge,36.0,32.0,0.0,68.0,120.0,Yes
963,D17,Data Analytics,IoT17,Fog1,Fog,IoT -> Fog,59.8,55.0,0.0,114.8,500.0,Yes
964,D5,Data Analytics,IoT5,Edge3,Edge,IoT -> Edge,36.0,30.0,0.0,66.0,500.0,Yes
965,D19,Data Analytics,IoT19,IoT19,IoT,IoT (local),51.0,0.0,0.0,51.0,500.0,Yes
966,D17,Video Processing,IoT17,IoT17,IoT,IoT (local),65.0,0.0,0.0,65.0,120.0,Yes
967,D19,Data Analytics,IoT19,Fog2,Fog,IoT -> Fog,26.6,87.0,0.0,113.6,500.0,Yes
968,D16,Network Traffic,IoT16,Fog3,Fog,IoT -> Fog,32.0,51.0,0.0,83.0,150.0,Yes
969,D1,Data Analytics,IoT1,Fog1,Fog,IoT -> Fog,47.0,88.0,5.87,140.87,500.0,Yes
970,D12,Video Processing,IoT12,Edge4,Edge,IoT -> Edge,29.2,17.0,0.0,46.2,120.0,Yes
971,D6,Image Processing,IoT6,Fog2,Fog,IoT -> Fog,31.8,51.0,3.97,86.77,300.0,Yes
972,D18,Image Processing,IoT18,Edge5,Edge,IoT -> Edge,48.8,24.0,0.0,72.8,300.0,Yes
973,D17,Network Traffic,IoT17,Fog3,Fog,IoT -> Fog,52.0,51.0,6.5,109.5,150.0,Yes
974,D15,Image Processing,IoT15,Edge6,Edge,IoT -> Edge,58.8,18.0,0.0,76.8,300.0,Yes
975,D15,Network Traffic,IoT15,Edge7,Edge,IoT -> Edge,45.2,28.0,0.0,73.2,150.0,Yes
976,D15,Image Processing,IoT15,Edge8,Edge,IoT -> Edge,64.8,44.0,0.0,108.8,300.0,Yes
977,D17,Image Processing,IoT17,Fog1,Fog,IoT -> Fog,46.2,55.0,11.55,112.75,300.0,Yes
978,D11,Data Analytics,IoT11,Fog2,Fog,IoT -> Fog,45.4,52.0,11.35,108.75,500.0,Yes
979,D19,Data Analytics,IoT19,Fog3,Fog,IoT -> Fog,29.6,49.0,7.4,86.0,500.0,Yes
980,D13,Video Processing,IoT13,Cloud1,Cloud,IoT -> Cloud,28.7,89.0,0.0,117.7,120.0,Yes
981,D8,Image Processing,IoT8,Fog1,Fog,IoT -> Fog,35.4,62.0,0.0,97.4,300.0,Yes
982,D10,Data Analytics,IoT10,Fog2,Fog,IoT -> Fog,37.6,76.0,0.0,113.6,500.0,Yes
983,D8,Image Processing,IoT8,Fog3,Fog,IoT -> Fog,55.4,39.0,0.0,94.4,300.0,Yes
984,D16,Video Processing,IoT16,Edge1,Edge,IoT -> Edge,48.4,56.0,0.0,104.4,120.0,Yes
985,D16,Video Processing,IoT16,Fog1,Fog,IoT -> Fog,34.0,52.0,4.25,90.25,120.0,Yes
986,D12,Image Processing,IoT12,Fog2,Fog,IoT -> Fog,34.0,36.0,4.25,74.25,300.0,Yes
987,D3,Data Analytics,IoT3,Edge2,Edge,IoT -> Edge,49.6,22.0,0.0,71.6,500.0,Yes
988,D13,Image Processing,IoT13,Fog3,Fog,IoT -> Fog,37.2,47.0,4.65,88.85,300.0,Yes
989,D15,Network Traffic,IoT15,Edge3,Edge,IoT -> Edge,32.0,44.0,0.0,76.0,150.0,Yes
990,D5,Image Processing,IoT5,Edge4,Edge,IoT -> Edge,60.8,47.0,0.0,107.8,300.0,Yes
991,D10,Image Processing,IoT10,Fog1,Fog,IoT -> Fog,46.8,55.0,11.7,113.5,300.0,Yes
992,D15,Image Processing,IoT15,Fog2,Fog,IoT -> Fog,52.4,61.0,13.1,126.5,300.0,Yes
993,D17,Image Processing,IoT17,Edge5,Edge,IoT -> Edge,45.6,28.0,0.0,73.6,300.0,Yes
994,D14,Data Analytics,IoT14,Fog3,Fog,IoT -> Fog,38.0,62.0,9.5,109.5,500.0,Yes
995,D5,Network Traffic,IoT5,Edge6,Edge,IoT -> Edge,96.8,37.0,0.0,133.8,150.0,Yes
996,D20,Image Processing,IoT20,Cloud1,Cloud,IoT -> Cloud,25.9,98.0,0.0,123.9,300.0,Yes
997,D3,Image Processing,IoT3,Edge7,Edge,IoT -> Edge,45.6,26.0,0.0,71.6,300.0,Yes
998,D8,Video Processing,IoT8,Edge8,Edge,IoT -> Edge,82.8,43.0,0.0,125.8,120.0,No
999,D1,Video Processing,IoT1,Cloud1,Cloud,IoT -> Cloud,28.2,119.0,0.94,148.14,120.0,No
1000,D2,Video Processing,IoT2,Fog1,Fog,IoT -> Fog,44.6,81.0,16.72,142.32,120.0,No
